Data;Godzina;Krajowe zapotrzebowanie na moc;Suma zdolnoœci wytwórczych jednostek wytwórczych w KSE;Suma zdolnoœci wytwórczych JGWa;Suma zdolnoœci wytwórczych JGFWa;Suma zdolnoœci wytwórczych JGMa;Suma zdolnoœci wytwórczych JGPVa;Sumaryczna generacja JG aktywnych: JGWa, JGFWa, JGMa i JGPVa;Sumaryczna generacja JGWa;Sumaryczna generacja JGFWa;Sumaryczna generacja JGMa;Sumaryczna generacja JGPVa;Sumaryczna generacja jednostek wytwórczych nieuczestnicz¹cych aktywnie w Rynku Bilansuj¹cym;Generacja Ÿróde³ wiatrowych;Generacja Ÿróde³ fotowoltaicznych;Sumaryczna moc ³adowania JGMa;Krajowe saldo wymiany miêdzysystemowej równoleg³ej;Krajowe saldo wymiany miêdzysystemowej nierównoleg³ej;Rezerwa mocy ponad zapotrzebowanie;Rezerwa mocy poni¿ej zapotrzebowania;Suma mocy z wykorzystanych Ofert Redukcji Obci¹¿enia JGOa
2024-03-30;1;14709;29520;21951;-;345;-;6764;6764;-;0;-;7224;3385;0;6,00;-261;980;3231;-1182;0
2024-03-30;2;14138;29527;22065;-;803;-;7042;7042;-;0;-;6659;2825;0;0,00;-568;980;2822;-1591;0
2024-03-30;3;13943;28998;22065;-;674;-;6865;6865;-;0;-;6259;2425;0;0,00;-76;980;3109;-1304;0
2024-03-30;4;13761;28651;22070;-;510;-;6539;6539;-;0;-;6071;2190;0;0,00;206;980;3390;-1028;0
2024-03-30;5;13677;28556;22105;-;405;-;6428;6428;-;0;-;6046;2140;0;0,00;292;980;3535;-883;0
2024-03-30;6;13349;28351;22140;-;114;-;6243;6230;-;13;-;6097;2113;73;0,00;94;980;3729;-689;0
2024-03-30;7;14155;29997;22174;-;902;-;7082;7031;-;51;-;6921;1773;1331;0,00;-1033;980;2653;-1760;0
2024-03-30;8;15528;31609;21813;-;831;-;6744;6728;-;17;-;8965;1677;3612;0,00;-355;138;2814;-1472;0
2024-03-30;9;16507;33058;21803;-;546;-;5910;5910;-;0;-;10709;1264;5980;0,00;470;-638;3200;-971;0
2024-03-30;10;16487;34153;21723;-;709;-;5812;5812;-;0;-;11721;712;7626;42,00;-396;-877;3047;-1233;0
2024-03-30;11;16595;35384;21713;-;732;-;5657;5657;-;0;-;12939;920;8651;698,00;-621;-854;3289;-981;0
2024-03-30;12;16607;35718;21698;-;594;-;5497;5497;-;0;-;13426;1045;9026;1317,00;-269;-884;3452;-803;0
2024-03-30;13;16247;35624;21693;-;379;-;5288;5288;-;0;-;13552;1229;8975;1469,00;-384;-808;3741;-509;0
2024-03-30;14;16468;35458;21688;-;833;-;5378;5378;-;0;-;12937;1594;7999;1464,00;105;-808;3420;-825;0
2024-03-30;15;16541;33962;21683;-;650;-;6200;6200;-;0;-;11629;1710;6577;1361,00;539;-626;2833;-1407;0
2024-03-30;16;16280;32357;21683;-;553;-;6862;6862;-;0;-;10121;1864;4900;640,00;469;-562;2607;-1563;0
2024-03-30;17;16566;30963;21658;-;1058;-;8479;8479;-;0;-;8247;2147;2646;48,00;-663;481;1504;-2684;0
2024-03-30;18;16775;29640;21635;-;975;-;9020;8889;-;131;-;7030;2814;686;0,00;-117;900;1925;-2623;0
2024-03-30;19;17977;30418;21536;-;1589;-;11301;10355;-;946;-;7293;3642;3;0,00;-2234;866;86;-4821;0
2024-03-30;20;18097;30532;21610;-;1643;-;11542;10556;-;986;-;7279;3704;0;0,00;-2251;830;0;-4968;0
2024-03-30;21;17043;31406;21791;-;1452;-;9334;8790;-;544;-;8163;4590;0;0,00;-919;980;3024;-1990;0
2024-03-30;22;15767;31510;21906;-;1146;-;7740;7192;-;546;-;8458;4936;0;0,00;-1282;980;4269;-780;0
2024-03-30;23;14996;31563;22021;-;982;-;6725;6579;-;147;-;8560;5051;0;0,00;-1288;980;4163;-750;0
2024-03-30;24;13634;31653;21971;-;1316;-;6122;6108;-;14;-;8366;4884;0;0,00;-2047;980;2601;-1406;0
2024-03-31;1;13027;29571;21976;-;0;-;5657;5657;-;0;-;7595;4302;0;6,00;-1229;980;3562;-609;0
2024-03-31;3;12508;29499;21988;-;0;-;5456;5456;-;0;-;7511;4220;0;11,00;-958;980;4262;0;0
2024-03-31;4;11979;29393;22028;-;0;-;5456;5456;-;0;-;7365;4282;0;11,00;-986;980;4624;0;0
2024-03-31;5;11969;29446;22083;-;0;-;5474;5474;-;0;-;7363;4078;0;8,00;-950;980;4665;0;0
2024-03-31;6;11804;29616;22201;-;16;-;5508;5492;-;16;-;7399;4110;0;0,00;-1011;978;4827;0;0
2024-03-31;7;11525;28618;21291;-;20;-;5465;5445;-;20;-;7307;3899;98;0,00;10;-23;5037;0;0
2024-03-31;8;12432;29875;21291;-;77;-;5470;5393;-;77;-;8507;3686;1552;16,00;-632;-497;4255;0;0
2024-03-31;9;13598;31687;21286;-;131;-;5590;5459;-;131;-;10270;3690;3334;53,00;-1170;-1062;3763;-473;0
2024-03-31;10;14661;32282;21146;-;1037;-;7312;7279;-;33;-;10099;2713;4145;545,00;-1934;-1062;1165;-3061;0
2024-03-31;11;14152;32200;21027;-;515;-;6455;6455;-;0;-;10658;1869;5607;611,00;-844;-1062;3105;-1002;0
2024-03-31;12;13306;33050;21016;-;0;-;5439;5439;-;0;-;12034;2170;6755;591,00;-1701;-1062;4479;0;0
2024-03-31;13;13255;32981;21111;-;0;-;4926;4926;-;0;-;11870;2069;6695;595,00;-1632;-1062;3620;-116;0
2024-03-31;14;13465;33024;21106;-;0;-;4940;4940;-;0;-;11918;2188;6617;742,00;-790;-1062;4148;0;0
2024-03-31;15;13278;32841;21101;-;0;-;4940;4940;-;0;-;11740;2223;6404;878,00;-800;-1062;4006;0;0
2024-03-31;16;13294;32183;21101;-;869;-;5825;5825;-;0;-;10213;2399;4681;887,00;-937;-1062;2317;-1309;0
2024-03-31;17;13578;31063;21241;-;353;-;5776;5776;-;0;-;9469;2249;4047;582,00;9;-1062;2704;-982;0
2024-03-31;18;13937;28672;21201;-;390;-;7143;7143;-;0;-;7081;1829;2005;113,00;-317;138;2058;-2111;0
2024-03-31;19;13587;28089;21161;-;1088;-;7976;7443;-;533;-;5840;1891;615;0,00;-1205;980;1787;-2276;0
2024-03-31;20;15118;27743;20634;-;1518;-;9073;8159;-;914;-;5591;2256;4;0,00;-905;980;279;-3413;0
2024-03-31;21;15642;28115;20610;-;1594;-;9260;8272;-;989;-;5911;2611;0;0,00;-814;980;217;-3451;0
2024-03-31;22;14868;27917;20677;-;1180;-;8041;7614;-;427;-;6060;2761;0;0,00;-228;980;1006;-2585;0
2024-03-31;23;13858;28013;20658;-;1185;-;7264;7077;-;188;-;6170;2894;0;0,00;-502;980;1594;-2032;0
2024-03-31;24;13016;28030;20713;-;849;-;6579;6567;-;12;-;6468;3124;0;0,00;-986;980;2129;-1552;0
2024-04-01;1;12416;27397;20793;-;415;-;6217;6217;-;0;-;6189;2948;0;0,00;-949;949;2088;-1417;0
2024-04-01;2;12032;27076;20793;-;248;-;5973;5973;-;0;-;6035;2734;0;0,00;-945;975;2347;-1158;0
2024-04-01;3;11869;26838;20798;-;212;-;6002;6002;-;0;-;5828;2575;0;0,00;-948;978;2309;-1201;0
2024-04-01;4;11833;26886;20803;-;289;-;6008;6008;-;0;-;5794;2557;0;0,00;-948;978;2316;-1199;0
2024-04-01;5;11675;26875;20803;-;198;-;5770;5770;-;0;-;5874;2673;0;0,00;-949;979;2555;-960;0
2024-04-01;6;11597;26936;20803;-;216;-;5682;5663;-;19;-;5917;2712;0;0,00;-949;979;2695;-820;0
2024-04-01;7;11669;27240;20798;-;824;-;6187;6168;-;19;-;5618;2306;104;0,00;-1203;980;2065;-1445;0
2024-04-01;8;12302;28138;20798;-;327;-;5514;5507;-;6;-;7013;2330;1476;32,00;-1102;979;2882;-628;0
2024-04-01;9;13532;29730;20793;-;0;-;5263;5263;-;0;-;8937;2197;3545;63,00;-868;780;3569;0;0
2024-04-01;10;14113;30337;20683;-;87;-;5291;5291;-;0;-;9567;1766;4562;173,00;-654;138;3070;-425;0
2024-04-01;11;14179;31623;20673;-;631;-;5580;5580;-;0;-;10319;1433;5684;472,00;-529;-901;2533;-987;0
2024-04-01;12;14020;31747;20658;-;832;-;5602;5602;-;0;-;10257;1414;5726;879,00;-201;-1051;2387;-1135;0
2024-04-01;13;14051;31407;20653;-;447;-;5528;5528;-;0;-;10307;1535;5713;1163,00;242;-867;2742;-723;0
2024-04-01;14;14044;31346;20643;-;456;-;5457;5457;-;0;-;10247;1783;5376;1151,00;382;-1048;2650;-805;0
2024-04-01;15;13857;31401;20643;-;272;-;5314;5314;-;0;-;10486;2341;5064;1154,00;119;-1040;2818;-707;0
2024-04-01;16;13551;31256;20643;-;184;-;5355;5355;-;0;-;10429;2608;4718;1327,00;-222;-726;2896;-629;0
2024-04-01;17;13683;30433;20753;-;315;-;5479;5479;-;0;-;9365;2824;3403;903,00;-276;74;2888;-522;0
2024-04-01;18;14410;29439;20753;-;974;-;6703;6403;-;301;-;7712;2895;1644;11,00;-66;-159;1784;-1561;0
2024-04-01;19;15137;28609;20763;-;1371;-;8033;7092;-;940;-;6475;2805;363;0,00;284;246;1378;-1977;0
2024-04-01;20;16078;28838;20664;-;1561;-;8851;7708;-;1142;-;6613;3296;1;0,00;250;357;698;-2588;0
2024-04-01;21;15976;30144;20712;-;1617;-;7641;6563;-;1078;-;7815;4485;0;0,00;167;551;2198;-1218;0
2024-04-01;22;15528;29528;20763;-;1113;-;7212;6770;-;441;-;7652;4316;0;0,00;-223;754;2287;-1721;0
2024-04-01;23;14571;29462;20773;-;1167;-;7071;6986;-;85;-;7522;4222;0;0,00;-1063;943;1935;-2083;0
2024-04-01;24;13520;29056;20778;-;754;-;6036;6036;-;0;-;7524;4234;0;0,00;-1019;980;2808;-1215;0
2024-04-02;1;12779;26406;19168;-;0;-;5590;5590;-;0;-;7238;3946;0;178,00;-733;763;3159;-781;0
2024-04-02;2;12440;26115;19168;-;236;-;5911;5911;-;0;-;6711;3472;0;336,00;-766;796;2813;-1127;0
2024-04-02;3;12100;26402;19158;-;0;-;5453;5453;-;0;-;7244;4005;0;583,00;-580;610;3430;-473;0
2024-04-02;4;12356;26822;19158;-;0;-;5451;5451;-;0;-;7664;4427;0;784,00;-19;49;3418;-476;0
2024-04-02;5;12750;27071;19158;-;0;-;5605;5605;-;0;-;7913;4673;0;669,00;46;-65;3474;-420;0
2024-04-02;6;13879;27131;18902;-;0;-;5894;5894;-;0;-;8229;4950;0;291,00;286;-251;3237;-662;0
2024-04-02;7;16997;27180;18226;-;593;-;7727;7456;-;272;-;8361;4846;32;0,00;165;687;1993;-2163;0
2024-04-02;8;18922;28210;18281;-;783;-;7976;7660;-;323;-;9146;5157;388;0,00;1418;450;2035;-2172;0
2024-04-02;9;20178;29714;18271;-;979;-;8269;7771;-;496;-;10464;5692;1104;0,00;1111;400;2022;-2034;0
2024-04-02;10;20853;30691;18271;-;1126;-;8566;7975;-;591;-;11294;5937;1689;0,00;566;284;1610;-2428;0
2024-04-02;11;20677;31673;18250;-;1024;-;8391;7885;-;506;-;12399;6238;2575;0,00;792;-862;1886;-2141;0
2024-04-02;12;21335;32329;18250;-;1070;-;8329;7951;-;378;-;13009;6473;3061;0,00;792;-1062;1510;-2517;0
2024-04-02;13;21802;32527;18273;-;1023;-;8843;8768;-;74;-;13231;6652;3153;103,00;792;-1062;882;-3189;0
2024-04-02;14;21543;33112;18411;-;978;-;7955;7955;-;0;-;13723;7113;3151;293,00;1180;-950;2022;-2123;0
2024-04-02;15;21024;33009;18496;-;698;-;7547;7547;-;0;-;13815;7249;3093;408,00;847;-862;2394;-1829;0
2024-04-02;16;20844;32282;18496;-;219;-;7666;7666;-;0;-;13567;7286;2798;667,00;1191;-962;2376;-1887;0
2024-04-02;17;20704;31732;18491;-;428;-;8278;8278;-;0;-;12813;7197;2084;475,00;991;-862;2077;-2439;0
2024-04-02;18;20476;31076;18289;-;855;-;8700;8521;-;179;-;11932;6977;1345;101,00;-183;30;1900;-2681;0
2024-04-02;19;20576;29782;18294;-;697;-;8483;8271;-;213;-;10791;6678;473;0,00;532;804;2613;-2031;0
2024-04-02;20;21505;30185;18299;-;1368;-;10151;9370;-;781;-;10518;6766;6;0,00;-192;995;1698;-2942;0
2024-04-02;21;21224;30450;18153;-;1356;-;9249;8805;-;444;-;10941;7186;0;0,00;125;995;2388;-2253;0
2024-04-02;22;20235;29667;17963;-;1030;-;8584;8461;-;122;-;10674;7033;0;0,00;-136;980;2323;-2364;0
2024-04-02;23;18951;30649;18780;-;1279;-;8262;8163;-;99;-;10590;6982;0;0,00;-895;880;2098;-2475;0
2024-04-02;24;17194;29918;19062;-;772;-;7172;7172;-;0;-;10084;6495;0;0,00;-852;880;3575;-1188;0
2024-04-03;1;15969;29416;19208;-;34;-;7384;7384;-;0;-;10174;6584;0;34,00;-2601;980;3354;-1555;0
2024-04-03;2;15462;29475;19208;-;0;-;7144;7144;-;0;-;10267;6668;0;575,00;-2342;980;3671;-1238;0
2024-04-03;3;15429;29225;19213;-;145;-;7912;7912;-;0;-;9867;6275;0;994,00;-2409;980;2954;-1960;0
2024-04-03;4;15569;29154;19213;-;203;-;8353;8353;-;0;-;9738;6086;0;1145,00;-2482;980;2782;-2132;0
2024-04-03;5;16216;28922;19232;-;270;-;8969;8969;-;0;-;9420;5791;0;1082,00;-2130;925;2419;-2495;0
2024-04-03;6;16711;28757;19405;-;0;-;9057;9057;-;0;-;9352;5691;0;944,00;-1603;960;2894;-2105;0
2024-04-03;7;19621;29978;19942;-;605;-;10831;10638;-;193;-;9431;5642;84;0,00;-1183;496;2132;-3727;0
2024-04-03;8;21220;32080;20279;-;1281;-;11370;11010;-;360;-;10520;5922;815;0,00;-1288;611;1803;-4061;0
2024-04-03;9;21582;32719;20261;-;1190;-;10771;10516;-;254;-;11268;5852;1551;0,00;-284;-92;2344;-3278;0
2024-04-03;10;21306;33356;20246;-;626;-;9401;9321;-;80;-;12484;5899;2854;58,00;-441;-30;3494;-2197;0
2024-04-03;11;21259;34040;20226;-;0;-;7875;7875;-;0;-;13814;5781;4434;149,00;-297;37;4943;-756;0
2024-04-03;12;21453;33719;20204;-;0;-;8135;8135;-;0;-;13515;5302;4654;304,00;-306;267;4630;-1176;0
2024-04-03;13;21539;33199;20121;-;0;-;8455;8455;-;0;-;13078;4933;4549;485,00;-8;527;4487;-1237;0
2024-04-03;14;21562;33296;19991;-;0;-;8397;8397;-;0;-;13305;4632;5043;485,00;-207;608;4831;-1049;0
2024-04-03;15;20834;32945;20029;-;0;-;8308;8308;-;0;-;12916;4319;4900;484,00;-222;825;5629;-288;0
2024-04-03;16;20417;32268;20111;-;0;-;8540;8540;-;0;-;12157;3947;4488;279,00;-823;980;5596;-492;0
2024-04-03;17;21192;30656;20111;-;0;-;9159;9159;-;0;-;10545;3515;3256;37,00;979;794;5484;-776;0
2024-04-03;18;21631;28719;20116;-;212;-;11204;11204;-;0;-;8391;2761;1832;0,00;949;996;4073;-2812;0
2024-04-03;19;22031;27649;20116;-;1257;-;13172;12439;-;733;-;6276;1996;419;0,00;1613;996;3182;-3784;0
2024-04-03;20;22477;27599;20121;-;1659;-;15169;13887;-;1282;-;5819;1797;6;0,00;383;996;1603;-5319;0
2024-04-03;21;22783;27392;20141;-;1666;-;14953;13688;-;1265;-;5585;1562;0;0,00;1182;996;1864;-5078;0
2024-04-03;22;20987;27263;20197;-;1628;-;12099;11513;-;586;-;5438;1512;0;0,00;2438;983;3487;-3274;0
2024-04-03;23;19699;27226;20306;-;1666;-;11128;11095;-;33;-;5254;1518;0;0,00;2222;980;3167;-3424;0
2024-04-03;24;18240;26828;20306;-;1452;-;10433;10433;-;0;-;5070;1300;0;0,00;1799;980;3820;-2710;0
2024-04-04;1;16759;24861;19806;-;0;-;10010;10010;-;0;-;5055;1377;0;501,00;1152;980;3879;-2567;0
2024-04-04;2;16541;24796;19811;-;0;-;10050;10050;-;0;-;4985;1292;0;753,00;1330;946;3924;-2527;0
2024-04-04;3;16221;24932;19811;-;0;-;10073;10073;-;0;-;5121;1386;0;750,00;1013;800;3920;-2531;0
2024-04-04;4;16137;25046;19811;-;0;-;9803;9803;-;0;-;5235;1502;0;749,00;1172;680;4157;-2294;0
2024-04-04;5;16466;25166;19811;-;0;-;9590;9590;-;0;-;5355;1616;0;746,00;1484;839;4422;-2029;0
2024-04-04;6;17216;25343;19816;-;0;-;10383;10383;-;0;-;5527;1782;0;280,00;1151;331;3475;-2981;0
2024-04-04;7;19635;26453;19816;-;509;-;11635;11418;-;217;-;6128;2107;99;0,00;1539;304;2516;-3941;0
2024-04-04;8;21327;27840;19816;-;1094;-;12400;11935;-;465;-;6930;1952;1017;0,00;1900;138;2067;-4389;0
2024-04-04;9;22242;28937;19816;-;1145;-;12485;11979;-;506;-;7976;1875;2232;0,00;2004;-262;1944;-4472;0
2024-04-04;10;22203;29762;19816;-;787;-;11820;11634;-;186;-;9159;1918;3382;58,00;1899;-662;2284;-4154;0
2024-04-04;11;21595;30104;19816;-;108;-;10857;10857;-;0;-;10180;1588;4817;406,00;1515;-462;3194;-3152;0
2024-04-04;12;21628;30845;19806;-;357;-;10634;10634;-;0;-;10682;1569;5393;480,00;888;-168;3092;-3206;0
2024-04-04;13;21465;31166;19801;-;265;-;10246;10246;-;0;-;11100;1692;5774;480,00;1091;-462;3578;-2685;0
2024-04-04;14;21299;31223;19796;-;0;-;9432;9432;-;0;-;11427;1814;6040;182,00;1054;-402;4387;-1932;0
2024-04-04;15;20940;30248;19744;-;0;-;9901;9901;-;0;-;10504;1735;5228;149,00;1061;-453;3759;-2519;0
2024-04-04;16;20753;29952;19786;-;96;-;10098;10098;-;0;-;10070;1799;4656;131,00;622;-81;3537;-2626;0
2024-04-04;17;20929;28945;19786;-;497;-;10810;10731;-;79;-;8662;1907;3040;43,00;1534;-2;3192;-3152;0
2024-04-04;18;20506;28432;19786;-;664;-;10726;10249;-;478;-;7982;2534;1719;35,00;1559;448;3924;-2454;0
2024-04-04;19;21273;28401;19791;-;1309;-;12078;11474;-;604;-;7301;2971;549;0,00;1521;408;2564;-3829;0
2024-04-04;20;22325;28656;19791;-;1552;-;13041;12197;-;845;-;7313;3500;3;0,00;1499;470;1806;-4352;0
2024-04-04;21;22041;29623;19801;-;1575;-;11564;10982;-;582;-;8247;4453;0;0,00;1458;779;3038;-3175;0
2024-04-04;22;20303;29979;19801;-;1521;-;10236;9797;-;439;-;8657;4960;0;0,00;777;680;4209;-2028;0
2024-04-04;23;18793;29841;19801;-;1180;-;9356;9197;-;159;-;8860;5259;0;0,00;-63;681;4633;-1630;0
2024-04-04;24;17561;30004;19801;-;1283;-;8566;8528;-;39;-;8920;5359;0;47,00;-850;880;4310;-1678;0
2024-04-05;1;16369;28892;19801;-;0;-;7849;7849;-;0;-;9091;5575;0;564,00;-714;680;3973;-1425;0
2024-04-05;2;16044;29206;19801;-;0;-;7301;7301;-;0;-;9405;5913;0;571,00;-772;680;4547;-851;0
2024-04-05;3;15815;29080;19796;-;0;-;7166;7166;-;0;-;9284;5796;0;569,00;-719;680;4705;-688;0
2024-04-05;4;15708;28718;19796;-;0;-;7406;7406;-;0;-;8922;5392;0;568,00;-748;680;4423;-970;0
2024-04-05;5;16073;28424;19796;-;0;-;7820;7820;-;0;-;8628;5029;0;400,00;-650;680;4030;-1363;0
2024-04-05;6;16966;28234;19801;-;0;-;8635;8635;-;0;-;8433;4782;0;158,00;-950;980;3188;-2210;0
2024-04-05;7;19122;28965;19801;-;896;-;10108;9601;-;508;-;8268;4431;111;0,00;-173;905;2234;-3164;0
2024-04-05;8;20723;30221;19801;-;1266;-;10508;9704;-;804;-;9154;4169;1195;0,00;584;529;2197;-3231;0
2024-04-05;9;21669;31529;19644;-;1419;-;10403;9675;-;728;-;10466;3881;2861;0,00;208;477;1902;-3359;0
2024-04-05;10;21344;32405;19296;-;797;-;9353;9178;-;175;-;12312;3670;4915;16,00;-197;-73;2501;-2381;0
2024-04-05;11;20514;32266;19279;-;0;-;8121;8121;-;0;-;12987;3159;6157;645,00;872;-867;3461;-1419;0
2024-04-05;12;20711;32430;19054;-;0;-;7800;7800;-;0;-;13376;3045;6806;878,00;1524;-1062;3750;-1134;0
2024-04-05;13;20598;32588;18876;-;0;-;7346;7346;-;0;-;13712;2900;7292;1023,00;1587;-1062;3926;-946;0
2024-04-05;14;20823;31915;19020;-;0;-;8257;8257;-;0;-;12895;2914;6442;958,00;1557;-1027;3032;-1958;0
2024-04-05;15;20479;31431;19572;-;0;-;8507;8507;-;0;-;11859;2850;5434;269,00;1292;-1062;2802;-2228;0
2024-04-05;16;20428;31019;19918;-;59;-;9211;9211;-;0;-;11042;2871;4592;41,00;1081;-851;2446;-2583;0
2024-04-05;17;20261;30491;20101;-;203;-;9434;9434;-;0;-;10187;2442;4074;0,00;1451;-713;2771;-2258;0
2024-04-05;18;20085;29949;20106;-;850;-;10027;9815;-;212;-;8993;2490;2874;0,00;815;439;3094;-2416;0
2024-04-05;19;20745;29384;20106;-;1183;-;10868;10038;-;830;-;8095;3471;930;0,00;1125;708;2733;-2747;0
2024-04-05;20;21836;29529;20144;-;1458;-;12115;11085;-;1030;-;7927;4143;48;0,00;1180;552;1611;-4089;0
2024-04-05;21;21824;30386;20181;-;1569;-;11595;10783;-;812;-;8636;4848;0;0,00;911;556;1885;-3951;0
2024-04-05;22;20049;30998;20186;-;1287;-;9802;9331;-;472;-;9525;5677;0;0,00;489;269;3310;-2450;0
2024-04-05;23;18431;31654;20186;-;1263;-;8367;8246;-;122;-;10205;6580;0;0,00;-264;80;3366;-2153;0
2024-04-05;24;17265;31579;20186;-;821;-;6631;6583;-;48;-;10572;6963;0;0,00;-155;154;3377;-1342;0
2024-04-06;1;16436;30935;20931;-;0;-;6107;6107;-;0;-;10004;6518;0;14,00;654;-625;3584;-1063;0
2024-04-06;2;16143;30465;20931;-;0;-;6680;6680;-;0;-;9534;6090;0;22,00;557;-608;3342;-1332;0
2024-04-06;3;15385;30053;20931;-;0;-;6450;6450;-;0;-;9122;5707;0;22,00;361;-528;3612;-1062;0
2024-04-06;4;15394;29764;20931;-;0;-;6570;6570;-;0;-;8833;5417;0;8,00;483;-453;3576;-1098;0
2024-04-06;5;15350;29770;20931;-;0;-;6458;6458;-;0;-;8839;5387;0;0,00;-311;347;3638;-1081;0
2024-04-06;6;15369;29365;20936;-;0;-;7021;7021;-;0;-;8429;4918;0;0,00;-886;800;2977;-1647;0
2024-04-06;7;16020;28777;19979;-;25;-;7411;7396;-;15;-;8773;5025;206;0,00;-949;979;2800;-1824;0
2024-04-06;8;17195;30034;19979;-;245;-;7358;7327;-;31;-;9810;4820;1417;0,00;-901;931;2679;-1945;0
2024-04-06;9;18333;31477;19979;-;375;-;7181;7139;-;42;-;11123;4210;3355;0,00;-688;718;2865;-1749;0
2024-04-06;10;18334;33048;20510;-;35;-;6233;6208;-;25;-;12503;3764;5285;65,00;57;-461;3717;-887;0
2024-04-06;11;18252;34017;20578;-;0;-;5758;5758;-;0;-;13439;3504;6640;922,00;921;-1062;4117;-616;0
2024-04-06;12;18035;35081;20636;-;0;-;5723;5723;-;0;-;14445;3613;7582;1205,00;792;-1062;4918;0;0
2024-04-06;13;17797;35588;20626;-;0;-;5713;5713;-;0;-;14962;3631;8082;1013,00;-58;-1062;4939;0;0
2024-04-06;14;17661;35396;20621;-;0;-;5856;5856;-;0;-;14775;3397;8124;946,00;-707;-1062;4384;-189;0
2024-04-06;15;17374;34594;20486;-;0;-;6038;6038;-;0;-;14108;3112;7729;935,00;-408;-1062;4619;-97;0
2024-04-06;16;17305;32980;20441;-;0;-;6307;6307;-;0;-;12539;2786;6476;521,00;92;-1062;4482;-434;0
2024-04-06;17;17270;30416;20451;-;0;-;7395;7395;-;0;-;9965;1712;4877;85,00;1092;-1062;3969;-972;0
2024-04-06;18;17468;28207;20451;-;169;-;8786;8752;-;34;-;7587;931;3168;24,00;1076;138;3734;-1788;0
2024-04-06;19;17965;26460;20451;-;690;-;10718;10220;-;499;-;5319;636;1002;0,00;1110;870;2815;-2950;0
2024-04-06;20;18740;25822;20426;-;1074;-;12183;11345;-;838;-;4322;615;19;0,00;1350;833;1766;-3944;0
2024-04-06;21;19304;25697;20289;-;1114;-;12685;11876;-;809;-;4294;615;0;0,00;1433;720;1024;-4594;0
2024-04-06;22;18297;25879;20304;-;1027;-;12237;11745;-;492;-;4548;877;0;0,00;615;833;1331;-4439;0
2024-04-06;23;17158;26403;20341;-;1043;-;10643;10550;-;93;-;5019;1391;0;0,00;684;778;2286;-3384;0
2024-04-06;24;15786;26607;20446;-;744;-;8750;8750;-;0;-;5417;1849;0;0,00;817;767;3303;-2222;0
2024-04-07;1;14506;26660;20336;-;363;-;8386;8386;-;0;-;5961;2418;0;0,00;377;-347;3016;-2231;0
2024-04-07;2;13995;26928;20476;-;28;-;7565;7565;-;0;-;6424;2905;0;14,00;913;-883;3737;-1470;0
2024-04-07;3;13632;27398;20476;-;0;-;6758;6758;-;0;-;6922;3405;0;22,00;917;-886;4394;-733;0
2024-04-07;4;13361;27848;20520;-;0;-;6107;6107;-;0;-;7328;3857;0;22,00;807;-777;4291;-456;0
2024-04-07;5;13334;28262;20611;-;0;-;5770;5770;-;0;-;7651;4213;0;43,00;903;-872;3936;-423;0
2024-04-07;6;13288;28822;20731;-;212;-;5797;5585;-;212;-;7879;4497;0;63,00;881;-851;4178;-139;0
2024-04-07;7;13545;29137;20751;-;81;-;5512;5431;-;81;-;8305;4690;212;74,00;742;-712;3970;-252;0
2024-04-07;8;14232;30853;20751;-;0;-;5038;5038;-;0;-;10102;4756;1985;230,00;610;-680;4319;0;0
2024-04-07;9;15329;33418;20741;-;0;-;5056;5056;-;0;-;12677;5179;4272;338,00;-1408;-762;3580;-567;0
2024-04-07;10;16045;34213;20726;-;476;-;6215;6215;-;0;-;13011;4210;5687;322,00;-2157;-1002;2209;-1948;0
2024-04-07;11;15274;33982;20711;-;508;-;6377;6377;-;0;-;12763;3105;6577;398,00;-2317;-1013;2469;-1673;0
2024-04-07;12;14157;33420;20696;-;61;-;5090;5090;-;0;-;12663;3412;6166;548,00;-2082;-1062;3508;-619;0
2024-04-07;13;14492;34374;20686;-;0;-;4958;4958;-;0;-;13688;4196;6413;948,00;-1908;-1062;3962;-155;0
2024-04-07;14;15253;34603;20681;-;45;-;5233;5216;-;17;-;13877;4015;6785;632,00;-1908;-1062;3719;-393;0
2024-04-07;15;15454;33148;20671;-;787;-;6203;6135;-;68;-;11690;2513;6104;268,00;-1908;-1062;1736;-2366;0
2024-04-07;16;15710;32177;20671;-;557;-;6559;6559;-;0;-;10949;1906;5956;47,00;-987;-832;2214;-1853;0
2024-04-07;17;15634;30216;20421;-;421;-;7294;7277;-;14;-;9374;1872;4337;153,00;-674;-145;2284;-1928;0
2024-04-07;18;15822;28871;20554;-;634;-;8459;8459;-;0;-;7683;1669;2711;400,00;-795;825;1877;-2658;0
2024-04-07;19;17018;27444;20610;-;896;-;9537;9359;-;178;-;5938;1659;940;48,00;571;980;1632;-3156;0
2024-04-07;20;17977;27279;20944;-;1103;-;11314;10708;-;606;-;5232;1783;21;0,00;458;980;859;-4301;0
2024-04-07;21;18091;27267;20916;-;1098;-;11199;10604;-;595;-;5253;1790;0;0,00;683;980;1025;-4135;0
2024-04-07;22;17337;27511;21046;-;1044;-;10331;10072;-;259;-;5421;2004;0;0,00;652;980;1710;-3532;0
2024-04-07;23;16429;27647;21131;-;1018;-;9009;8987;-;22;-;5498;2109;0;0,00;967;980;2858;-2461;0
2024-04-07;24;15500;27467;21156;-;973;-;8551;8551;-;0;-;5338;2005;0;3,00;706;980;3367;-1977;0
2024-04-08;1;14251;26962;20917;-;621;-;8760;8760;-;0;-;5424;2151;0;43,00;-950;980;3040;-2339;0
2024-04-08;2;13839;26694;20861;-;265;-;8356;8356;-;0;-;5568;2308;0;74,00;-950;980;3590;-1790;0
2024-04-08;3;13667;27097;20861;-;34;-;7845;7845;-;0;-;6202;2937;0;269,00;-950;980;4597;-1005;0
2024-04-08;4;13606;27544;20861;-;0;-;7610;7610;-;0;-;6683;3416;0;536,00;-950;980;5122;-556;0
2024-04-08;5;14226;27772;20861;-;0;-;7870;7870;-;0;-;6911;3655;0;538,00;-950;980;5085;-592;0
2024-04-08;6;15666;27750;20866;-;0;-;8734;8734;-;0;-;6884;3626;0;402,00;-427;896;5123;-1154;0
2024-04-08;7;18695;28587;20693;-;806;-;11131;10787;-;344;-;7088;3534;204;0,00;-388;723;3395;-3292;0
2024-04-08;8;20293;29253;19925;-;1098;-;12782;12122;-;660;-;8230;3147;1613;0,00;-1008;190;1654;-4660;0
2024-04-08;9;20998;30747;20271;-;1005;-;12225;11672;-;553;-;9471;2258;3764;0,00;-927;211;2240;-4086;0
2024-04-08;10;20513;31971;20599;-;662;-;9542;9379;-;163;-;10710;1546;5944;0,00;-76;368;4501;-1863;0
2024-04-08;11;20141;32371;20833;-;251;-;8629;8629;-;0;-;11287;1039;7084;126,00;-120;169;4702;-1822;0
2024-04-08;12;20183;33542;20823;-;0;-;7705;7705;-;0;-;12719;936;8620;202,00;619;-462;5919;-500;0
2024-04-08;13;20070;33978;20808;-;0;-;7799;7799;-;0;-;13170;1062;9009;705,00;885;-1055;5820;-682;0
2024-04-08;14;19828;33734;20798;-;0;-;7931;7931;-;0;-;12936;1075;8717;747,00;770;-1039;5858;-681;0
2024-04-08;15;19993;33187;20788;-;0;-;8116;8116;-;0;-;12399;1120;8137;746,00;488;-357;5597;-932;0
2024-04-08;16;20210;32087;21065;-;0;-;9797;9797;-;0;-;11022;1067;6796;666,00;-492;522;4266;-2329;0
2024-04-08;17;20407;30516;20809;-;287;-;11130;11130;-;0;-;9420;1104;5136;231,00;-625;630;2910;-3512;0
2024-04-08;18;20533;28836;20616;-;724;-;11859;11859;-;0;-;7496;1291;2934;0,00;332;890;2407;-4030;0
2024-04-08;19;20769;27603;20595;-;1001;-;13398;12926;-;472;-;6007;1726;860;0,00;496;811;1345;-5085;0
2024-04-08;20;21831;27424;20748;-;1102;-;14835;13749;-;1086;-;5574;2069;22;0,00;381;949;686;-5969;0
2024-04-08;21;22032;27827;20877;-;1071;-;14563;13939;-;625;-;5879;2410;0;0,00;548;986;808;-6041;0
2024-04-08;22;20315;28619;21129;-;1076;-;11360;11351;-;10;-;6414;2967;0;0,00;1698;901;3389;-3437;0
2024-04-08;23;18745;29100;21123;-;1072;-;9626;9626;-;0;-;6905;3573;0;32,00;1179;980;4852;-1938;0
2024-04-08;24;17153;29362;21176;-;1059;-;8584;8584;-;0;-;7127;3796;0;63,00;468;980;5351;-1341;0
2024-04-09;1;16003;28181;21194;-;0;-;8865;8865;-;0;-;6987;3800;0;71,00;-950;980;4338;-2057;0
2024-04-09;2;15691;27978;21207;-;0;-;8945;8945;-;0;-;6771;3623;0;43,00;-950;980;4475;-1920;0
2024-04-09;3;15449;27708;21219;-;0;-;8949;8949;-;0;-;6489;3341;0;11,00;-950;980;4478;-1917;0
2024-04-09;4;15586;27402;21228;-;0;-;9331;9331;-;0;-;6174;3021;0;53,00;-950;980;3993;-2407;0
2024-04-09;5;16077;27010;21182;-;0;-;9799;9799;-;0;-;5828;2637;0;200,00;-403;980;3509;-2891;0
2024-04-09;6;16796;26745;21167;-;0;-;9937;9937;-;0;-;5578;2385;0;150,00;564;980;3543;-2857;0
2024-04-09;7;19166;27792;21167;-;905;-;11863;11685;-;178;-;5720;2160;297;0,00;637;867;1603;-4797;0
2024-04-09;8;20796;29145;20933;-;1027;-;12523;12052;-;471;-;7185;1826;2063;0,00;370;640;1227;-5163;0
2024-04-09;9;21177;31568;21318;-;992;-;11540;11254;-;286;-;9258;1483;4484;0,00;-432;495;1982;-4303;0
2024-04-09;10;21084;32126;20860;-;482;-;9754;9676;-;79;-;10784;887;6657;0,00;771;-268;3263;-2792;0
2024-04-09;11;20420;32957;20755;-;34;-;8440;8440;-;0;-;12168;732;8332;108,00;745;-615;4652;-1223;0
2024-04-09;12;20043;34520;20745;-;0;-;7261;7261;-;0;-;13775;900;9855;472,00;464;-811;5192;-385;0
2024-04-09;13;20020;34815;20815;-;0;-;7187;7187;-;0;-;14000;1096;9969;707,00;589;-937;5232;-448;0
2024-04-09;14;19828;35094;20805;-;0;-;7184;7184;-;0;-;14289;1405;9986;911,00;348;-699;5496;-174;0
2024-04-09;15;19617;34757;20741;-;0;-;7166;7166;-;0;-;14016;1897;9215;909,00;448;-770;5404;-256;0
2024-04-09;16;19831;33259;20696;-;68;-;7971;7971;-;0;-;12495;2224;7358;615,00;504;-573;4236;-1419;0
2024-04-09;17;20063;32371;20616;-;541;-;9116;9116;-;0;-;11214;2429;5730;268,00;-272;277;3440;-1661;0
2024-04-09;18;20486;30929;21100;-;974;-;10857;10658;-;199;-;8855;2664;3027;0,00;-197;887;2335;-3041;0
2024-04-09;19;21321;29077;21069;-;1013;-;12385;11835;-;550;-;6995;2875;851;0,00;1209;692;1859;-3817;0
2024-04-09;20;22120;28666;20948;-;1030;-;13599;12616;-;983;-;6688;3376;23;0,00;1353;592;1522;-4316;0
2024-04-09;21;22160;29235;20923;-;999;-;13086;12370;-;717;-;7313;4034;0;0,00;926;784;1581;-4277;0
2024-04-09;22;20354;29787;20918;-;992;-;11227;10853;-;375;-;7877;4608;0;0,00;613;812;3319;-2549;0
2024-04-09;23;18753;30464;21064;-;1095;-;10266;10203;-;62;-;8305;5124;0;0,00;-650;692;3800;-2240;0
2024-04-09;24;17337;31022;21129;-;1058;-;8791;8791;-;0;-;8835;5670;0;74,00;-650;680;5662;-582;0
2024-04-10;1;16342;29620;21241;-;0;-;8556;8556;-;0;-;8379;5267;0;479,00;-885;916;5909;-512;0
2024-04-10;2;15694;28987;21201;-;0;-;8516;8516;-;0;-;7786;4751;0;479,00;-950;980;5924;-497;0
2024-04-10;3;15505;28994;21196;-;0;-;8506;8506;-;0;-;7798;4763;0;478,00;-950;980;6120;-306;0
2024-04-10;4;15442;28859;21196;-;0;-;8506;8506;-;0;-;7663;4606;0;477,00;-956;980;6043;-383;0
2024-04-10;5;15764;28771;21042;-;0;-;8383;8383;-;0;-;7729;4652;0;384,00;-893;923;5767;-664;0
2024-04-10;6;16895;28975;21050;-;68;-;8992;8992;-;0;-;7857;4729;0;37,00;-949;980;5154;-1277;0
2024-04-10;7;19082;29285;20818;-;680;-;10590;10416;-;174;-;7787;4294;282;0,00;-144;927;3910;-2222;0
2024-04-10;8;20625;30461;20778;-;903;-;11526;11259;-;267;-;8780;3941;1561;0,00;-582;953;3114;-2972;0
2024-04-10;9;21561;31522;20778;-;966;-;11816;11372;-;445;-;9778;4200;2318;0,00;-1131;992;2844;-3234;0
2024-04-10;10;21617;31426;20158;-;756;-;10752;10426;-;326;-;10512;4067;3204;8,00;-556;800;3826;-2229;0
2024-04-10;11;21334;31521;20100;-;579;-;10121;10003;-;118;-;10842;4041;3679;32,00;-151;580;4334;-1997;0
2024-04-10;12;21688;32580;20071;-;446;-;9381;9381;-;0;-;12063;4336;4662;89,00;-50;380;4897;-1494;0
2024-04-10;13;21668;33013;20071;-;154;-;8842;8842;-;0;-;12788;4270;5491;199,00;-50;380;5537;-914;0
2024-04-10;14;21375;32960;20061;-;43;-;8635;8635;-;0;-;12856;4155;5672;441,00;-50;380;5720;-726;0
2024-04-10;15;21280;32156;20073;-;294;-;9547;9547;-;0;-;11789;3814;4949;424,00;-56;380;5031;-1415;0
2024-04-10;16;21056;31553;20109;-;77;-;9885;9885;-;0;-;11367;3746;4512;408,00;-50;480;5637;-847;0
2024-04-10;17;20758;30179;19824;-;462;-;10558;10558;-;0;-;9893;3604;3123;410,00;58;580;5110;-1146;0
2024-04-10;18;20548;29596;20439;-;500;-;10887;10887;-;0;-;8657;3500;1859;167,00;346;803;6143;-1246;0
2024-04-10;19;21008;28757;20431;-;522;-;11248;11209;-;39;-;7804;3732;667;8,00;1190;894;5956;-1391;0
2024-04-10;20;22070;28395;20466;-;943;-;14717;14116;-;601;-;6986;3547;25;0,00;-649;994;2942;-4357;0
2024-04-10;21;22225;28046;20508;-;952;-;15055;14392;-;663;-;6586;3169;0;0,00;-450;994;2689;-4908;0
2024-04-10;22;20539;27354;20546;-;928;-;12771;12260;-;511;-;5880;2477;0;0,00;957;983;4725;-2779;0
2024-04-10;23;18798;26714;20606;-;821;-;10736;10641;-;94;-;5287;2028;0;0,00;1755;980;5124;-1885;0
2024-04-10;24;17379;26422;20731;-;830;-;9537;9509;-;28;-;4861;1615;0;0,00;1881;980;5174;-1515;0
2024-04-11;1;16318;25414;20622;-;0;-;9196;9196;-;0;-;4792;1590;0;0,00;1239;980;4144;-1860;0
2024-04-11;2;16076;25367;20627;-;48;-;9564;9564;-;0;-;4692;1489;0;0,00;803;980;3856;-2153;0
2024-04-11;3;15881;25539;20627;-;129;-;9595;9595;-;0;-;4783;1577;0;0,00;528;980;3865;-2079;0
2024-04-11;4;15682;25576;20635;-;0;-;9271;9271;-;0;-;4941;1736;0;0,00;477;980;4180;-1741;0
2024-04-11;5;16023;26167;20893;-;0;-;8949;8949;-;0;-;5274;2022;0;43,00;938;980;4848;-1492;0
2024-04-11;6;16859;26411;20922;-;0;-;9278;9278;-;0;-;5489;2217;0;43,00;1252;980;4571;-1777;0
2024-04-11;7;18792;27850;20980;-;687;-;11072;11033;-;39;-;6183;2450;323;43,00;694;994;2884;-3499;0
2024-04-11;8;20483;29875;20815;-;776;-;10429;10080;-;349;-;8284;2569;2161;0,00;775;994;3564;-2824;0
2024-04-11;9;21748;32256;21013;-;753;-;10980;10509;-;471;-;10490;2082;4941;0,00;-948;994;2991;-3505;0
2024-04-11;10;21817;32777;20326;-;619;-;9941;9851;-;90;-;11832;1294;7145;0,00;-947;977;3376;-2936;0
2024-04-11;11;20900;35054;20294;-;0;-;7316;7310;-;0;-;14760;2521;8979;262,00;-606;601;6285;0;0
2024-04-11;12;20800;36285;20302;-;0;-;7018;7018;-;0;-;15983;3531;9301;577,00;-497;-551;6003;0;0
2024-04-11;13;20793;36822;20262;-;0;-;7030;7030;-;0;-;16560;3852;9573;715,00;92;-562;6986;0;0
2024-04-11;14;20537;36871;20254;-;0;-;7042;7042;-;0;-;16617;3927;9574;661,00;53;-589;7280;0;0
2024-04-11;15;20499;35728;20262;-;0;-;7069;7069;-;0;-;15466;3835;8509;495,00;168;-511;6548;0;0
2024-04-11;16;20576;33667;20348;-;233;-;7421;7421;-;0;-;13086;3590;6287;132,00;-1050;580;4652;-1202;0
2024-04-11;17;20155;32143;20353;-;590;-;8877;8867;-;10;-;11200;3432;4500;0,00;-770;800;4623;-1479;0
2024-04-11;18;19906;31379;21063;-;698;-;9834;9756;-;78;-;9618;3049;3200;0,00;-666;980;5134;-1531;0
2024-04-11;19;21167;28843;20762;-;773;-;12349;11944;-;404;-;7308;2637;1130;0,00;386;996;4061;-3372;0
2024-04-11;20;22087;28096;20917;-;884;-;15465;14587;-;877;-;6295;2635;38;0,00;-711;996;1817;-5473;0
2024-04-11;21;22125;28557;21204;-;904;-;15165;14330;-;835;-;6449;2834;0;0,00;-499;996;2391;-5055;0
2024-04-11;22;20434;28699;21325;-;882;-;12206;11849;-;357;-;6492;2880;0;0,00;812;980;4837;-2732;0
2024-04-11;23;18775;28597;21367;-;904;-;10581;10464;-;118;-;6326;2833;0;0,00;871;980;5120;-2020;0
2024-04-11;24;17559;28637;21435;-;894;-;9799;9799;-;0;-;6308;2886;0;3,00;486;980;5226;-1641;0
2024-04-12;1;16249;28182;21582;-;68;-;9518;9518;-;0;-;6532;3178;0;17,00;-850;980;4631;-1939;0
2024-04-12;2;15648;28199;21707;-;0;-;9116;9116;-;0;-;6492;3188;0;22,00;-949;980;4845;-1636;0
2024-04-12;3;15474;28025;21707;-;0;-;9047;9047;-;0;-;6318;3016;0;22,00;-850;980;4945;-1536;0
2024-04-12;4;15518;27767;21707;-;0;-;9301;9301;-;0;-;6060;2759;0;17,00;-850;980;4647;-1834;0
2024-04-12;5;15937;27743;21712;-;55;-;9327;9327;-;0;-;5976;2677;0;11,00;-381;980;4649;-1837;0
2024-04-12;6;16974;27645;21712;-;101;-;9443;9443;-;0;-;5832;2509;0;6,00;758;980;4662;-1824;0
2024-04-12;7;19427;28685;21708;-;758;-;11705;11466;-;239;-;6219;2331;310;0,00;519;994;2684;-3798;0
2024-04-12;8;20871;30669;21708;-;800;-;11434;11168;-;266;-;8161;2234;2321;0,00;225;994;3154;-3534;0
2024-04-12;9;21734;32046;21703;-;729;-;10828;10743;-;85;-;9614;2100;3953;0,00;-175;994;3159;-3524;0
2024-04-12;10;21725;32826;21627;-;738;-;10889;10854;-;35;-;10461;1735;5268;0,00;-660;980;3326;-3243;0
2024-04-12;11;20903;33547;21561;-;346;-;9303;9293;-;10;-;11640;1715;6578;40,00;180;-150;4969;-1582;0
2024-04-12;12;21234;34008;21551;-;264;-;8899;8889;-;10;-;12193;1908;6971;95,00;1292;-1062;5216;-1325;0
2024-04-12;13;21046;34098;21431;-;78;-;8432;8422;-;10;-;12589;2336;7045;354,00;1451;-1021;5621;-725;0
2024-04-12;14;20533;34082;21471;-;10;-;8355;8345;-;10;-;12601;2742;6654;602,00;1392;-1062;5839;-497;0
2024-04-12;15;20105;34042;21471;-;10;-;8370;8360;-;10;-;12561;2832;6603;893,00;1493;-1062;6051;-285;0
2024-04-12;16;20283;33874;21509;-;404;-;8807;8797;-;10;-;11961;2937;5789;953,00;1393;-963;5341;-1018;0
2024-04-12;17;20511;32118;21394;-;547;-;9760;9750;-;10;-;10177;2711;4148;802,00;1459;-220;4490;-1934;0
2024-04-12;18;20410;30037;21398;-;478;-;9453;9443;-;10;-;8161;2135;2572;96,00;2019;986;5422;-1050;0
2024-04-12;19;20726;28660;21243;-;887;-;12179;11814;-;364;-;6530;2061;928;16,00;1062;996;3297;-3196;0
2024-04-12;20;21405;28153;21339;-;1280;-;14577;13804;-;773;-;5534;1902;36;0,00;233;996;1612;-5048;0
2024-04-12;21;21575;28335;21280;-;1298;-;14459;13676;-;782;-;5757;2168;0;0,00;316;996;1698;-4882;0
2024-04-12;22;19972;28734;21223;-;1244;-;12097;11624;-;474;-;6267;2712;0;0,00;715;996;3731;-3061;0
2024-04-12;23;18586;29095;21223;-;940;-;9719;9719;-;0;-;6932;3518;0;0,00;1002;983;4751;-1771;0
2024-04-12;24;17158;29589;21096;-;1061;-;8942;8942;-;0;-;7432;4054;0;0,00;-273;980;4327;-1677;0
2024-04-13;1;16307;28262;20358;-;243;-;8491;8405;-;86;-;7661;4409;0;0,00;-950;980;3851;-2003;0
2024-04-13;2;15670;28424;20581;-;0;-;7790;7790;-;0;-;7843;4562;0;0,00;-950;980;4280;-1380;0
2024-04-13;3;15346;27757;20416;-;0;-;7887;7887;-;0;-;7341;4057;0;0,00;-947;977;3938;-1722;0
2024-04-13;4;15307;27725;20421;-;106;-;8063;8058;-;5;-;7198;3912;0;0,00;-944;974;3844;-1821;0
2024-04-13;5;15209;27796;20482;-;317;-;8224;8143;-;81;-;6997;3710;0;0,00;-950;980;3876;-1789;0
2024-04-13;6;14989;27622;20480;-;166;-;7990;7959;-;31;-;6976;3640;0;0,00;-950;980;4023;-1619;0
2024-04-13;7;15760;28162;20470;-;461;-;8477;8257;-;219;-;7231;3598;262;0,00;-950;980;3686;-1947;0
2024-04-13;8;16896;29744;20479;-;510;-;8049;7697;-;352;-;8755;3648;1733;0,00;-802;832;4215;-1413;0
2024-04-13;9;18022;31001;20479;-;278;-;7702;7548;-;154;-;10244;3275;3600;0,00;-763;793;4381;-1247;0
2024-04-13;10;18551;33296;20545;-;324;-;6505;6477;-;28;-;12427;3558;5599;147,00;437;-422;4114;-651;0
2024-04-13;11;17914;34281;19777;-;225;-;6007;6007;-;0;-;14279;4141;7004;584,00;-108;-1062;4505;0;0
2024-04-13;12;17837;33960;19206;-;377;-;5477;5477;-;0;-;14377;4325;7014;620,00;-508;-1062;3673;-629;0
2024-04-13;13;17515;34971;19177;-;299;-;5431;5431;-;0;-;15495;4285;8187;513,00;-1508;-1062;4191;-92;0
2024-04-13;14;17142;34713;19212;-;358;-;5382;5382;-;0;-;15143;4448;7660;860,00;-1508;-1062;3900;-476;0
2024-04-13;15;16787;34549;19314;-;191;-;5406;5406;-;0;-;15044;4683;7327;906,00;-1508;-1062;4213;-251;0
2024-04-13;16;16498;33021;19416;-;204;-;5401;5401;-;0;-;13401;4514;5849;856,00;-208;-1062;4198;-261;0
2024-04-13;17;16975;32008;20490;-;213;-;6082;6082;-;0;-;11305;3827;4336;363,00;1087;-1062;3563;-896;0
2024-04-13;18;17381;29633;20155;-;607;-;8428;8075;-;353;-;8871;2844;2737;0,00;221;-284;2053;-2466;0
2024-04-13;19;17815;27886;20436;-;805;-;9100;8436;-;664;-;6645;2351;950;0,00;1136;916;2883;-2231;0
2024-04-13;20;19028;26760;20451;-;1045;-;10746;9885;-;861;-;5264;1748;46;0,00;2038;980;1769;-3568;0
2024-04-13;21;19445;26920;20456;-;1096;-;11709;10768;-;941;-;5368;1900;0;0,00;1362;980;944;-4540;0
2024-04-13;22;18254;26780;20523;-;1057;-;10675;10116;-;559;-;5200;1783;0;0,00;1317;980;1545;-3966;0
2024-04-13;23;16797;27539;20679;-;840;-;9037;8726;-;310;-;6020;2707;0;0,00;947;980;3214;-2307;0
2024-04-13;24;15149;28306;20701;-;789;-;7813;7609;-;204;-;6816;3511;0;0,00;254;265;3301;-1803;0
2024-04-14;1;14062;28647;20706;-;475;-;6432;6347;-;85;-;7466;4180;0;0,00;772;-742;2513;-1648;0
2024-04-14;2;13689;28846;20616;-;512;-;5860;5775;-;84;-;7718;4476;0;0,00;764;-734;2467;-1264;0
2024-04-14;3;12975;29375;20651;-;375;-;5080;5070;-;10;-;8349;5167;0;16,00;835;-804;3724;-7;0
2024-04-14;4;12937;30062;20686;-;191;-;5017;5017;-;0;-;9185;6012;0;32,00;900;-870;4571;0;0
2024-04-14;5;13228;30280;20725;-;236;-;5017;5017;-;0;-;9319;6293;0;48,00;755;-725;4399;0;0
2024-04-14;6;13078;30460;20828;-;0;-;5017;5017;-;0;-;9632;6621;1;95,00;323;-293;4804;0;0
2024-04-14;7;13656;31023;20823;-;248;-;4955;4955;-;0;-;9952;6637;284;95,00;-926;415;4000;0;0
2024-04-14;8;14515;32535;20813;-;225;-;4953;4953;-;0;-;11497;6911;1558;95,00;-1098;380;4468;0;0
2024-04-14;9;15383;33418;20586;-;253;-;4955;4955;-;0;-;12579;6455;3101;95,00;-810;111;4697;0;0
2024-04-14;10;16129;33639;20571;-;224;-;4970;4970;-;0;-;12844;6159;3624;95,00;-584;-344;3972;0;0
2024-04-14;11;16052;33828;20561;-;269;-;4989;4989;-;0;-;12998;5866;4108;295,00;-789;-714;3419;-277;0
2024-04-14;12;16197;34802;20556;-;358;-;5185;5185;-;0;-;13888;5738;5135;362,00;-1632;-1062;2900;-736;0
2024-04-14;13;16044;34558;20556;-;256;-;5041;5041;-;0;-;13746;5598;5142;730,00;-1010;-1060;3166;-471;0
2024-04-14;14;15264;33856;20551;-;157;-;5130;5130;-;0;-;13148;5543;4599;895,00;-1008;-1062;3178;-443;0
2024-04-14;15;15311;33650;20551;-;225;-;5114;5114;-;0;-;12874;5506;4353;753,00;-1029;-1062;2980;-641;0
2024-04-14;16;14787;33162;20556;-;68;-;5055;5055;-;0;-;12538;5579;3932;304,00;-1358;-1062;3293;-334;0
2024-04-14;17;15590;33073;20566;-;0;-;5028;5028;-;0;-;12507;6181;3279;117,00;-494;-1062;3518;-143;0
2024-04-14;18;16096;32410;20571;-;39;-;5141;5141;-;0;-;11800;6358;2364;80,00;-224;-20;3725;0;0
2024-04-14;19;16501;31452;20133;-;434;-;6216;6144;-;72;-;10885;6450;1198;6,00;-991;480;2642;-1054;0
2024-04-14;20;17588;30392;20013;-;832;-;7689;7164;-;526;-;9547;6097;58;0,00;-100;596;2672;-1621;0
2024-04-14;21;18197;29899;20023;-;1109;-;9339;8256;-;1083;-;8767;5372;0;0,00;-650;686;1680;-2894;0
2024-04-14;22;17503;29320;20028;-;1112;-;9897;8856;-;1042;-;8180;4800;0;0,00;-1429;800;1086;-3522;0
2024-04-14;23;16536;29453;20512;-;1274;-;9714;8916;-;799;-;7667;4355;0;0,00;-1776;880;1015;-3624;0
2024-04-14;24;15242;29208;20667;-;1221;-;8499;8276;-;223;-;7320;3943;0;0,00;-1500;880;1683;-3026;0
2024-04-15;1;14537;28010;20221;-;950;-;7876;7866;-;10;-;6839;3504;0;94,00;-1111;980;2663;-2228;0
2024-04-15;2;14299;26556;19650;-;455;-;8226;8226;-;0;-;6451;3015;0;419,00;-950;980;3164;-1924;0
2024-04-15;3;14622;25850;19598;-;442;-;9168;9168;-;0;-;5810;2374;0;437,00;-950;980;3037;-2693;0
2024-04-15;4;14360;25552;19585;-;658;-;9459;9459;-;0;-;5309;1866;0;439,00;-950;980;2921;-2818;0
2024-04-15;5;14597;25424;19655;-;274;-;9366;9366;-;0;-;5495;2045;0;297,00;-949;980;3639;-2244;0
2024-04-15;6;15552;25126;19655;-;39;-;9895;9895;-;0;-;5432;1971;1;251,00;-436;980;4216;-1779;0
2024-04-15;7;18552;25886;19606;-;609;-;12506;12487;-;19;-;5671;1936;202;6,00;-131;670;3290;-3672;0
2024-04-15;8;20640;26901;19536;-;748;-;14774;14107;-;668;-;6617;2088;879;0,00;-1036;228;2300;-4894;0
2024-04-15;9;21735;27617;19685;-;741;-;15023;14479;-;544;-;7191;1545;1989;0,00;-898;328;2077;-5114;0
2024-04-15;10;21834;28001;19490;-;304;-;12718;12718;-;0;-;8207;1262;3456;8,00;26;936;4087;-3505;0
2024-04-15;11;21554;29296;19601;-;0;-;11606;11606;-;0;-;9695;1127;5159;248,00;-451;980;5443;-2298;0
2024-04-15;12;21826;30617;19716;-;0;-;11084;11084;-;0;-;10901;1061;6423;250,00;-881;980;6141;-1602;0
2024-04-15;13;21902;30491;19295;-;0;-;10569;10569;-;0;-;11196;1101;6703;250,00;-580;970;6274;-1411;0
2024-04-15;14;21524;30283;19397;-;0;-;10474;10474;-;0;-;10886;1032;6476;249,00;-676;980;6358;-1429;0
2024-04-15;15;21396;29449;19512;-;0;-;9987;9987;-;0;-;9937;838;5710;249,00;868;939;7155;-627;0
2024-04-15;16;21306;28898;19912;-;0;-;10162;10162;-;0;-;8986;777;4812;249,00;1489;980;7209;-825;0
2024-04-15;17;21534;27699;19952;-;0;-;11776;11776;-;0;-;7747;656;3557;249,00;1210;980;5503;-2586;0
2024-04-15;18;21477;26719;20475;-;30;-;13395;13395;-;0;-;6214;601;2038;185,00;1146;980;4563;-3526;0
2024-04-15;19;21811;26434;20406;-;800;-;14728;14613;-;115;-;5228;672;847;49,00;1127;753;3127;-5012;0
2024-04-15;20;22437;26633;20391;-;1352;-;16205;15316;-;889;-;4890;1125;48;0,00;718;646;2461;-5639;0
2024-04-15;21;22323;27141;20230;-;1306;-;15297;14382;-;915;-;5605;1856;0;0,00;784;596;2569;-5346;0
2024-04-15;22;20428;27692;20154;-;1302;-;12426;11884;-;542;-;6236;2463;0;0,00;1134;749;3606;-3602;0
2024-04-15;23;18567;27784;20112;-;1338;-;10762;10643;-;118;-;6334;2770;0;0,00;630;840;4330;-2685;0
2024-04-15;24;17200;28049;20444;-;1097;-;9443;9258;-;185;-;6508;2996;0;0,00;549;737;5613;-1205;0
2024-04-16;1;16213;28777;21176;-;536;-;8820;8668;-;152;-;7065;3499;0;0,00;52;-22;4788;-1561;0
2024-04-16;2;16432;28606;20889;-;551;-;8894;8880;-;14;-;7166;3574;0;0,00;20;10;3828;-2317;0
2024-04-16;3;15637;28073;20860;-;437;-;8913;8913;-;0;-;6776;3173;0;0,00;74;-44;4123;-2022;0
2024-04-16;4;15428;28097;20938;-;270;-;8926;8926;-;0;-;6889;3291;0;433,00;146;-116;4013;-2132;0
2024-04-16;5;15933;29215;21037;-;203;-;8421;8421;-;0;-;7975;4392;0;552,00;119;-89;4489;-1661;0
2024-04-16;6;16591;29762;21035;-;0;-;8159;8159;-;0;-;8727;5118;1;293,00;192;-162;4890;-1258;0
2024-04-16;7;18856;30927;20881;-;597;-;9480;9445;-;35;-;9449;5487;262;0,00;63;-157;3449;-2545;0
2024-04-16;8;20817;32343;20350;-;986;-;10261;10137;-;124;-;11007;5876;1406;0,00;-517;-147;2407;-3046;0
2024-04-16;9;21909;33770;19908;-;1125;-;9950;9907;-;43;-;12737;6387;2665;0,00;-391;-520;2583;-3020;0
2024-04-16;10;21791;34544;19505;-;849;-;8496;8496;-;0;-;14190;6811;3807;235,00;-752;-135;4013;-1467;0
2024-04-16;11;21497;34905;19431;-;1103;-;9529;9417;-;112;-;14371;6767;4106;804,00;-1688;-312;2843;-3119;0
2024-04-16;12;21556;35841;19459;-;1082;-;8945;8945;-;0;-;15300;6983;4939;848,00;-1014;-1048;3523;-2309;0
2024-04-16;13;21884;35434;19429;-;742;-;8655;8655;-;0;-;15263;6623;5263;891,00;-884;-453;3811;-1991;0
2024-04-16;14;21397;34753;19493;-;284;-;8232;8232;-;0;-;14976;6397;5140;902,00;-695;-275;4197;-1598;0
2024-04-16;15;20991;33886;19144;-;0;-;7595;7595;-;0;-;14742;5938;5348;908,00;-653;350;5294;-653;0
2024-04-16;16;21011;33159;19362;-;101;-;8088;8088;-;0;-;13696;5460;4722;727,00;-574;444;4607;-1226;0
2024-04-16;17;20920;32833;20274;-;536;-;9356;9356;-;0;-;12023;4853;3551;104,00;-692;432;4228;-1734;0
2024-04-16;18;20858;31334;20273;-;905;-;10398;10398;-;0;-;10156;4211;2177;32,00;-189;580;3738;-2229;0
2024-04-16;19;21188;29651;20383;-;1075;-;11820;11619;-;201;-;8193;3528;797;0,00;547;706;4015;-2830;0
2024-04-16;20;21770;29248;20616;-;1268;-;13613;12692;-;922;-;7364;3360;45;0,00;301;650;3449;-3406;0
2024-04-16;21;22049;29354;20665;-;1302;-;13380;12488;-;893;-;7387;3350;0;0,00;620;642;3582;-3054;0
2024-04-16;22;20654;29375;20728;-;1318;-;12183;11829;-;354;-;7329;3286;0;0,00;903;230;4356;-2488;0
2024-04-16;23;19057;29428;20858;-;1226;-;10202;10202;-;0;-;7344;3401;0;3,00;1334;280;6221;-1008;0
2024-04-16;24;17506;28937;20470;-;1295;-;9420;9420;-;0;-;7172;3251;0;56,00;604;366;6516;-742;0
2024-04-17;1;16434;27416;20488;-;0;-;9185;9185;-;0;-;6928;3049;0;442,00;320;523;6849;-699;0
2024-04-17;2;16118;27322;20488;-;0;-;9131;9131;-;0;-;6834;2924;0;442,00;501;110;6839;-821;0
2024-04-17;3;15858;26924;20488;-;0;-;9516;9516;-;0;-;6436;2554;0;442,00;427;-151;6366;-1294;0
2024-04-17;4;16006;26609;20478;-;0;-;9634;9634;-;0;-;6131;2248;0;442,00;603;-123;6106;-1544;0
2024-04-17;5;16001;26345;20473;-;0;-;9405;9405;-;0;-;5872;1986;0;442,00;674;511;6553;-1092;0
2024-04-17;6;17062;26225;20389;-;0;-;10774;10764;-;0;-;5836;1842;3;437,00;529;327;5047;-2513;0
2024-04-17;7;20108;27211;20152;-;976;-;13216;13183;-;34;-;6083;1755;305;115,00;1222;-313;2421;-4863;0
2024-04-17;8;21589;28574;19827;-;1293;-;14452;13644;-;808;-;7454;1892;1429;0,00;616;-1044;1538;-5143;0
2024-04-17;9;22400;29276;19752;-;1318;-;14375;13798;-;578;-;8206;1692;2476;0,00;606;-1044;1163;-5281;0
2024-04-17;10;22336;30321;19966;-;1175;-;12860;12717;-;143;-;9180;1514;3668;0,00;1153;-797;2774;-4134;0
2024-04-17;11;22415;31153;19864;-;1103;-;12196;12196;-;0;-;10186;1741;4559;103,00;406;-274;3129;-3714;0
2024-04-17;12;22877;31717;20039;-;1197;-;12537;12537;-;0;-;10481;1667;4977;338,00;-220;359;2911;-4020;0
2024-04-17;13;22649;32061;20042;-;1197;-;12010;12010;-;0;-;10822;1581;5426;483,00;-178;305;3325;-3586;0
2024-04-17;14;22121;31144;19778;-;1025;-;11961;11961;-;0;-;10341;1503;5055;531,00;-355;485;3063;-3822;0
2024-04-17;15;21856;30932;19781;-;791;-;11847;11847;-;0;-;10360;1600;4991;531,00;-534;667;3353;-3535;0
2024-04-17;16;21837;30591;19825;-;1139;-;12559;12559;-;0;-;9627;1588;4256;544,00;-12;123;2693;-4307;0
2024-04-17;17;21704;29438;19825;-;1106;-;12430;12430;-;0;-;8507;1520;3088;128,00;538;231;2962;-4038;0
2024-04-17;18;21564;28288;19833;-;780;-;12360;12360;-;0;-;7675;1426;2221;48,00;849;845;3699;-3397;0
2024-04-17;19;21793;27325;19632;-;1114;-;13481;13387;-;94;-;6579;1280;977;16,00;892;946;3041;-3811;0
2024-04-17;20;22847;26504;19630;-;1296;-;16395;15599;-;796;-;5578;1142;62;0,00;877;-28;1145;-5804;0
2024-04-17;21;22620;26362;19569;-;1322;-;16287;15477;-;810;-;5471;1066;0;0,00;293;532;1139;-5708;0
2024-04-17;22;21155;26022;19425;-;1306;-;14078;14065;-;13;-;5291;930;0;8,00;951;859;2516;-4453;0
2024-04-17;23;19650;25909;19592;-;1349;-;12367;12367;-;0;-;4968;828;0;22,00;1555;819;4172;-3180;0
2024-04-17;24;18206;26350;20159;-;1324;-;11547;11547;-;0;-;4867;757;0;22,00;963;798;5133;-2731;0
2024-04-18;1;17240;24627;19777;-;0;-;11035;11035;-;0;-;4850;805;0;22,00;834;474;5133;-2504;0
2024-04-18;2;16588;24593;19762;-;0;-;10742;10742;-;0;-;4831;827;0;46,00;459;579;5456;-2166;0
2024-04-18;3;16231;24689;19762;-;0;-;10847;10847;-;0;-;4927;919;0;117,00;541;-3;5338;-2284;0
2024-04-18;4;16247;24809;19762;-;0;-;10732;10732;-;0;-;5047;1042;0;117,00;255;320;5480;-2142;0
2024-04-18;5;16769;25006;19907;-;0;-;10738;10738;-;0;-;5099;1084;0;117,00;674;399;5652;-2115;0
2024-04-18;6;17630;24928;19800;-;0;-;11263;11263;-;0;-;5128;1099;2;46,00;969;342;5023;-2637;0
2024-04-18;7;20483;25969;19672;-;771;-;13765;13606;-;159;-;5526;1049;346;0,00;1121;99;2553;-4979;0
2024-04-18;8;22010;28104;19875;-;1350;-;15358;14416;-;942;-;6879;999;1706;0,00;233;-523;1854;-5881;0
2024-04-18;9;22637;29659;19648;-;1333;-;14343;13662;-;681;-;8678;1025;3488;0,00;415;-857;2388;-4822;0
2024-04-18;10;22463;30883;19569;-;1123;-;12414;12267;-;148;-;10191;1156;5002;8,00;700;-861;3493;-3531;0
2024-04-18;11;22181;31945;19605;-;762;-;11231;11231;-;0;-;11578;1391;6203;188,00;377;-862;4546;-2444;0
2024-04-18;12;22508;32336;19514;-;1061;-;11700;11700;-;0;-;11761;1596;6295;880,00;342;-522;3923;-2593;0
2024-04-18;13;22154;32445;19627;-;677;-;11256;11256;-;0;-;12141;1764;6517;1082,00;670;-840;4580;-1874;0
2024-04-18;14;21530;31873;19113;-;302;-;10359;10359;-;0;-;12458;1971;6634;1145,00;684;-862;4935;-1484;0
2024-04-18;15;21340;31227;19298;-;77;-;10761;10761;-;0;-;11852;2164;5805;1141,00;301;-462;4725;-1807;0
2024-04-18;16;21126;30952;19695;-;14;-;10706;10706;-;0;-;11243;2340;4982;597,00;-231;61;4750;-1782;0
2024-04-18;17;21002;30878;19523;-;87;-;10360;10360;-;0;-;11268;2593;4712;214,00;-456;266;5602;-1016;0
2024-04-18;18;21468;29695;19736;-;638;-;11634;11634;-;0;-;9321;1990;3221;46,00;108;277;4238;-2743;0
2024-04-18;19;21874;28587;20442;-;1017;-;13899;13812;-;87;-;7128;1657;1190;0,00;555;295;2409;-4958;0
2024-04-18;20;22514;27468;20296;-;1323;-;15996;15270;-;725;-;5849;1403;82;0,00;363;487;1323;-6014;0
2024-04-18;21;22711;27143;20078;-;1351;-;15702;14983;-;719;-;5714;1347;0;0,00;621;600;1480;-5933;0
2024-04-18;22;21204;27478;20181;-;1334;-;12552;12542;-;10;-;5963;1612;0;32,00;2118;588;3479;-3628;0
2024-04-18;23;19555;27788;20346;-;1312;-;10428;10428;-;0;-;6130;1934;0;32,00;2231;809;5785;-1455;0
2024-04-18;24;18157;27577;20373;-;984;-;9823;9823;-;0;-;6220;2069;0;32,00;1360;798;6176;-978;0
2024-04-19;1;17344;26357;20233;-;0;-;10074;10074;-;0;-;6124;2082;0;145,00;739;409;5477;-1457;0
2024-04-19;2;16703;26510;20174;-;0;-;10200;10200;-;0;-;6336;2288;0;328,00;122;406;5467;-1415;0
2024-04-19;3;16560;26700;20131;-;0;-;10294;10294;-;0;-;6569;2529;0;368,00;-394;424;5263;-1579;0
2024-04-19;4;16517;26763;20131;-;0;-;10062;10062;-;0;-;6632;2610;0;237,00;-321;351;5501;-1341;0
2024-04-19;5;16736;27011;20131;-;0;-;9610;9610;-;0;-;6880;2856;0;106,00;160;246;6036;-806;0
2024-04-19;6;17503;27055;20235;-;0;-;10378;10378;-;0;-;6820;2785;6;90,00;65;330;5318;-1628;0
2024-04-19;7;20244;27986;20238;-;512;-;12430;12145;-;285;-;7236;2610;469;0,00;323;235;3533;-3416;0
2024-04-19;8;22097;29958;20489;-;683;-;12783;12489;-;295;-;8786;2274;2272;0,00;483;167;3584;-3616;0
2024-04-19;9;22524;30995;20506;-;170;-;11165;10995;-;170;-;10319;1820;4364;8,00;882;152;4958;-1961;0
2024-04-19;10;22432;32339;20496;-;161;-;11157;11030;-;127;-;11682;1542;6032;215,00;-293;-136;4580;-2284;0
2024-04-19;11;22027;32503;20381;-;0;-;10260;10260;-;0;-;12122;1575;6564;429,00;31;200;5738;-1131;0
2024-04-19;12;21742;32457;20405;-;0;-;9921;9921;-;0;-;12052;1690;6421;456,00;123;106;6032;-861;0
2024-04-19;13;21822;32427;20473;-;0;-;10133;10133;-;0;-;11954;1840;6206;467,00;185;47;5999;-905;0
2024-04-19;14;21431;32194;20535;-;0;-;10005;10005;-;0;-;11659;1967;5785;279,00;407;-177;6393;-555;0
2024-04-19;15;21173;31828;20375;-;0;-;9857;9857;-;0;-;11453;2058;5469;75,00;-51;281;6480;-581;0
2024-04-19;16;21330;30164;20089;-;169;-;11111;11111;-;0;-;9906;1765;4175;54,00;142;248;4601;-2444;0
2024-04-19;17;21355;30103;20727;-;459;-;11410;11314;-;95;-;8917;1611;3322;0,00;844;430;5048;-1800;0
2024-04-19;18;21223;29370;20662;-;852;-;12002;11668;-;334;-;7856;1446;2252;0,00;539;680;4223;-2492;0
2024-04-19;19;21626;27955;20502;-;1095;-;13977;13473;-;504;-;6358;1343;810;0,00;730;556;2879;-4868;0
2024-04-19;20;22539;27584;20572;-;1348;-;15416;14654;-;762;-;5664;1429;52;0,00;875;527;1545;-6066;0
2024-04-19;21;22703;28024;20805;-;1351;-;15310;14560;-;750;-;5868;1633;0;0,00;939;575;1817;-5876;0
2024-04-19;22;20931;28055;20577;-;1334;-;13507;13262;-;245;-;6144;1921;0;0,00;517;708;2191;-5047;0
2024-04-19;23;19475;27676;20374;-;1349;-;11638;11638;-;0;-;5953;1829;0;0,00;937;843;3129;-3728;0
2024-04-19;24;18200;27648;20586;-;992;-;10778;10778;-;0;-;6070;2007;0;0,00;695;630;4166;-2919;0
2024-04-20;1;17333;27132;20720;-;424;-;10274;10274;-;0;-;5988;2059;0;24,00;579;466;3544;-3089;0
2024-04-20;2;16792;27121;20670;-;256;-;10077;10077;-;0;-;6195;2274;0;32,00;74;464;3727;-2856;0
2024-04-20;3;16183;26998;20450;-;257;-;9863;9863;-;0;-;6291;2400;0;32,00;-427;461;3708;-2775;0
2024-04-20;4;15951;27036;20451;-;34;-;9414;9414;-;0;-;6551;2650;0;32,00;-444;461;4184;-2276;0
2024-04-20;5;15892;27341;20663;-;0;-;9208;9208;-;0;-;6678;2771;0;32,00;-424;463;4569;-2022;0
2024-04-20;6;16233;27285;20670;-;0;-;9361;9361;-;0;-;6615;2719;3;24,00;-184;410;4322;-2231;0
2024-04-20;7;17661;27683;20654;-;95;-;9737;9737;-;0;-;6934;2647;373;0,00;540;460;3971;-2492;0
2024-04-20;8;18236;29009;20805;-;204;-;9556;9438;-;118;-;8000;2581;1442;11,00;660;316;4588;-1893;0
2024-04-20;9;18797;30891;20999;-;543;-;8911;8368;-;543;-;9349;2817;2558;17,00;280;330;5477;-1026;0
2024-04-20;10;19401;32147;21012;-;576;-;8636;8060;-;576;-;10559;3346;3314;22,00;-58;288;5775;-777;0
2024-04-20;11;19738;32568;20850;-;347;-;8336;7989;-;347;-;11371;3648;3844;22,00;-153;383;6019;-483;0
2024-04-20;12;19745;32646;21029;-;0;-;8286;8286;-;0;-;11617;3560;4172;621,00;145;235;5648;-1039;0
2024-04-20;13;20001;32975;20949;-;0;-;8315;8315;-;0;-;12026;3587;4567;785,00;404;27;5683;-999;0
2024-04-20;14;19492;32938;20967;-;0;-;8018;8018;-;0;-;11971;3811;4291;785,00;805;-375;6136;-546;0
2024-04-20;15;19203;32921;21258;-;0;-;8284;8284;-;0;-;11663;3884;3907;783,00;424;-394;6023;-963;0
2024-04-20;16;19046;32242;21128;-;0;-;8678;8678;-;0;-;11114;3745;3477;767,00;315;-285;5601;-1271;0
2024-04-20;17;18992;31167;21053;-;78;-;9452;9442;-;10;-;10036;3460;2652;499,00;-403;450;4901;-1810;0
2024-04-20;18;18888;30264;21038;-;354;-;10056;9929;-;128;-;8872;2984;1844;0,00;-704;642;4570;-2319;0
2024-04-20;19;19466;29209;21038;-;756;-;10877;10399;-;478;-;7415;2411;871;0,00;606;625;4210;-2679;0
2024-04-20;20;20049;28560;21038;-;1291;-;12532;11759;-;773;-;6231;1940;78;0,00;455;831;2983;-3857;0
2024-04-20;21;19967;28279;21112;-;1349;-;12781;12062;-;720;-;5818;1608;0;0,00;368;916;2687;-4270;0
2024-04-20;22;19083;27922;20986;-;1349;-;12121;11525;-;596;-;5587;1393;0;0,00;447;901;3154;-3803;0
2024-04-20;23;17789;27536;20986;-;1297;-;10870;10397;-;473;-;5253;1150;0;0,00;744;933;4126;-2836;0
2024-04-20;24;16597;27332;20991;-;1065;-;9491;9152;-;338;-;5276;1206;0;0,00;836;997;4537;-2055;0
2024-04-21;1;15388;27145;21092;-;781;-;8737;8403;-;334;-;5272;1322;0;0,00;451;950;4770;-1697;0
2024-04-21;2;14733;26676;21091;-;242;-;7833;7592;-;242;-;5343;1395;0;0,00;638;927;5568;-899;0
2024-04-21;3;14277;26644;21091;-;136;-;7847;7761;-;86;-;5417;1475;0;0,00;88;930;5396;-1071;0
2024-04-21;4;14080;26829;21091;-;205;-;7773;7754;-;19;-;5533;1605;0;0,00;-169;919;5374;-1093;0
2024-04-21;5;14018;26952;21104;-;160;-;7790;7766;-;25;-;5688;1764;0;0,00;-336;901;5425;-1053;0
2024-04-21;6;13965;27121;21167;-;51;-;7531;7514;-;17;-;5903;1967;5;0,00;-212;838;5758;-732;0
2024-04-21;7;14147;27672;21153;-;0;-;7348;7348;-;0;-;6519;2129;411;63,00;249;723;6400;-19;0
2024-04-21;8;15307;29384;21153;-;0;-;7367;7367;-;0;-;8231;2166;2070;236,00;-480;697;6043;-376;0
2024-04-21;9;16590;30921;21148;-;0;-;7395;7395;-;0;-;9773;2186;3621;562,00;-399;430;5804;-610;0
2024-04-21;10;17474;32284;21153;-;34;-;7387;7387;-;0;-;11097;2454;4725;806,00;590;-560;6060;-422;0
2024-04-21;11;18204;33324;21148;-;0;-;7261;7259;-;0;-;12176;2730;5555;881,00;1092;-1062;6330;-217;0
2024-04-21;12;18431;33599;21139;-;0;-;7190;7190;-;0;-;12460;3056;5533;913,00;885;-956;6245;-345;0
2024-04-21;13;18367;33428;21139;-;0;-;7170;7170;-;0;-;12289;3414;5028;815,00;582;-670;6219;-391;0
2024-04-21;14;18210;33526;21139;-;0;-;7170;7170;-;0;-;12387;3839;4690;816,00;992;-1062;6492;-118;0
2024-04-21;15;18106;33259;21139;-;0;-;7229;7229;-;0;-;12120;4168;4084;855,00;992;-1062;6293;-262;0
2024-04-21;16;17871;33017;21144;-;101;-;7304;7304;-;0;-;11772;4469;3412;922,00;992;-1062;6193;-367;0
2024-04-21;17;17855;32054;20689;-;192;-;7253;7253;-;0;-;11173;4725;2538;361,00;989;-1059;5917;-418;0
2024-04-21;18;18003;30791;20234;-;462;-;7633;7633;-;0;-;10095;4576;1555;11,00;-111;157;4969;-1139;0
2024-04-21;19;18404;29888;20239;-;627;-;8163;8117;-;47;-;9022;4296;656;6,00;556;760;5045;-1198;0
2024-04-21;20;19130;29725;20336;-;1349;-;11107;10248;-;859;-;8040;3862;73;0,00;-1024;955;2867;-3376;0
2024-04-21;21;19144;29943;21057;-;1349;-;11111;10375;-;736;-;7537;3415;0;0,00;-549;995;3463;-3226;0
2024-04-21;22;18360;29353;21032;-;1349;-;10874;10209;-;665;-;6972;2823;0;0,00;-540;996;3595;-3062;0
2024-04-21;23;17466;29130;21000;-;1349;-;10814;10471;-;343;-;6781;2618;0;0,00;-1163;1001;3327;-3344;0
2024-04-21;24;16246;29216;21000;-;1349;-;9199;9199;-;0;-;6867;2720;0;0,00;-772;1001;4681;-1998;0
2024-04-22;1;15496;27819;21010;-;169;-;8953;8953;-;0;-;6640;2556;0;81,00;-1059;1000;4904;-1777;0
2024-04-22;2;15045;27410;20890;-;34;-;8899;8899;-;0;-;6486;2398;0;299,00;-1050;989;5030;-1531;0
2024-04-22;3;14925;27267;20850;-;0;-;8980;8980;-;0;-;6417;2327;0;403,00;-1050;981;5148;-1453;0
2024-04-22;4;15092;27217;20850;-;0;-;9149;9149;-;0;-;6367;2278;0;387,00;-1050;981;5168;-1596;0
2024-04-22;5;15513;27337;20850;-;236;-;9656;9656;-;0;-;6251;2162;0;336,00;-1095;989;4837;-1902;0
2024-04-22;6;16658;27422;20850;-;404;-;10613;10613;-;0;-;6168;2054;10;155,00;-1013;994;4519;-2202;0
2024-04-22;7;19649;28298;20360;-;1054;-;12291;12223;-;68;-;6884;2204;479;0,00;-298;847;3423;-3255;0
2024-04-22;8;22002;29294;19752;-;1263;-;14460;13800;-;660;-;8279;2270;1704;0,00;-588;-219;2710;-4776;0
2024-04-22;9;22957;30868;20105;-;1277;-;14008;13662;-;346;-;9486;2360;2887;0,00;-14;-578;3217;-4324;0
2024-04-22;10;22942;31648;20168;-;909;-;12590;12478;-;113;-;10571;2280;4162;56,00;273;-433;4521;-3083;0
2024-04-22;11;22857;31628;20158;-;814;-;12514;12514;-;0;-;10656;2040;4533;74,00;-887;632;4456;-3108;0
2024-04-22;12;23064;32013;20373;-;780;-;12484;12484;-;0;-;10860;2091;4719;107,00;-749;579;4499;-3055;0
2024-04-22;13;23143;32136;20368;-;976;-;12570;12570;-;0;-;10792;2188;4569;151,00;-709;539;4306;-3243;0
2024-04-22;14;22935;31583;20346;-;1183;-;13242;13242;-;0;-;10054;2114;3922;132,00;-952;630;3639;-3888;0
2024-04-22;15;22532;30916;20323;-;1169;-;13175;13175;-;0;-;9424;1975;3434;134,00;-509;580;3863;-3641;0
2024-04-22;16;22342;29819;20333;-;862;-;12762;12762;-;0;-;8624;1747;2858;288,00;560;554;4396;-3133;0
2024-04-22;17;22308;28489;20105;-;738;-;13128;13128;-;0;-;7646;1469;2096;241,00;1121;575;4295;-3233;0
2024-04-22;18;22106;27683;20110;-;745;-;13366;13366;-;0;-;6828;1243;1350;108,00;1045;994;4655;-3133;0
2024-04-22;19;22310;26844;20110;-;845;-;14369;14369;-;0;-;5889;946;590;6,00;1036;996;4053;-4340;0
2024-04-22;20;23168;26568;20169;-;1271;-;17990;17128;-;863;-;5128;699;66;0,00;-677;646;1298;-7054;0
2024-04-22;21;23484;26533;20289;-;1281;-;18514;17578;-;936;-;4963;541;0;0,00;-96;46;991;-7481;0
2024-04-22;22;21828;26409;20229;-;1274;-;15610;15401;-;209;-;4906;464;0;3,00;309;992;2867;-5430;0
2024-04-22;23;20081;26268;20359;-;1281;-;13128;13128;-;0;-;4628;426;0;35,00;1349;1001;5102;-3298;0
2024-04-22;24;18682;26110;20284;-;1252;-;11876;11876;-;0;-;4574;413;0;75,00;1269;1001;5799;-2455;0
2024-04-23;1;17570;24484;19925;-;8;-;11498;11498;-;0;-;4551;398;0;81,00;605;983;4948;-2618;0
2024-04-23;2;17046;24499;19925;-;0;-;11322;11322;-;0;-;4574;392;0;133,00;309;953;5117;-2449;0
2024-04-23;3;16920;24693;20132;-;0;-;11095;11095;-;0;-;4561;397;0;166,00;467;952;5494;-2212;0
2024-04-23;4;17031;24763;20177;-;0;-;11504;11504;-;0;-;4586;419;0;408,00;419;918;5060;-2676;0
2024-04-23;5;17415;24902;20272;-;0;-;11796;11796;-;0;-;4630;465;0;428,00;486;945;4783;-2943;0
2024-04-23;6;18166;25473;20272;-;397;-;12565;12565;-;0;-;4804;607;16;341,00;488;747;4097;-3616;0
2024-04-23;7;20689;26644;20202;-;1089;-;14811;14343;-;468;-;5353;594;547;0,00;174;336;2137;-5444;0
2024-04-23;8;22504;29054;20343;-;1261;-;15157;14458;-;699;-;7450;538;2572;0,00;-366;261;2176;-5601;0
2024-04-23;9;22830;30770;20328;-;1265;-;14770;14215;-;555;-;9177;555;4375;0,00;-1144;-202;2177;-5307;0
2024-04-23;10;22305;32037;20328;-;547;-;12003;11873;-;130;-;11162;655;6439;334,00;123;-544;4853;-2611;0
2024-04-23;11;21718;32626;20318;-;65;-;10302;10237;-;65;-;12243;766;7492;557,00;192;-462;6375;-1057;0
2024-04-23;12;21981;31799;20262;-;0;-;11461;11461;-;0;-;11537;786;6804;612,00;-452;-43;5004;-2433;0
2024-04-23;13;21849;31436;20236;-;297;-;12223;12223;-;0;-;10903;872;6138;504,00;-1010;138;4206;-3048;0
2024-04-23;14;21124;31390;20373;-;0;-;11706;11706;-;0;-;11017;838;6338;734,00;-909;138;5054;-2304;0
2024-04-23;15;20709;31526;20478;-;0;-;10898;10898;-;0;-;11048;763;6456;496,00;-708;156;6063;-1600;0
2024-04-23;16;20868;30754;20478;-;0;-;10895;10895;-;0;-;10276;645;5784;296,00;-164;138;5924;-1730;0
2024-04-23;17;21428;29748;20478;-;439;-;12379;12379;-;0;-;8831;584;4371;44,00;108;138;4465;-2989;0
2024-04-23;18;21289;28619;20553;-;951;-;13323;13323;-;0;-;7115;428;2718;11,00;724;154;3755;-3836;0
2024-04-23;19;21917;27328;20553;-;1115;-;14289;14130;-;159;-;5660;332;1110;6,00;1699;501;3185;-4902;0
2024-04-23;20;22700;26496;20464;-;1273;-;16695;15961;-;735;-;4759;370;124;0,00;854;364;1010;-6875;0
2024-04-23;21;22733;26627;20495;-;1275;-;16491;15746;-;745;-;4857;561;0;0,00;991;439;1329;-6630;0
2024-04-23;22;21051;26959;20571;-;1271;-;13322;13303;-;19;-;5117;819;0;0,00;1966;714;3871;-4254;0
2024-04-23;23;19364;27153;20638;-;1274;-;11189;11189;-;0;-;5241;1147;0;0,00;2077;880;6006;-2208;0
2024-04-23;24;17988;27395;20641;-;1234;-;10141;10141;-;0;-;5520;1496;0;253,00;1983;690;7128;-1063;0
2024-04-24;1;17323;25385;19682;-;0;-;10134;10134;-;0;-;5703;1688;0;487,00;1265;650;6025;-1447;0
2024-04-24;2;16795;25583;19682;-;0;-;9798;9798;-;0;-;5901;1903;0;617,00;1252;506;6464;-1008;0
2024-04-24;3;16651;25590;19612;-;0;-;9816;9816;-;0;-;5978;1986;0;616,00;995;496;6349;-1053;0
2024-04-24;4;16663;25527;19547;-;0;-;9839;9839;-;0;-;5980;1991;0;615,00;1025;472;6281;-1089;0
2024-04-24;5;17057;25439;19547;-;0;-;10267;10267;-;0;-;5892;1903;0;428,00;918;384;5791;-1556;0
2024-04-24;6;17839;25372;19552;-;0;-;10744;10744;-;0;-;5820;1801;6;247,00;908;644;5372;-1980;0
2024-04-24;7;20471;26054;19877;-;0;-;12440;12440;-;0;-;6177;1756;297;22,00;1342;528;3966;-3691;0
2024-04-24;8;22409;27575;19815;-;1053;-;14038;13807;-;238;-;6707;1066;1477;0,00;1180;438;2504;-5099;0
2024-04-24;9;23030;28215;19763;-;1211;-;14183;13894;-;289;-;7241;521;2574;0,00;874;644;2317;-5150;0
2024-04-24;10;22976;28595;19648;-;557;-;13054;12909;-;144;-;8390;297;4020;0,00;744;763;3416;-4103;0
2024-04-24;11;22485;29454;19369;-;45;-;11038;10993;-;45;-;10040;358;5682;189,00;1162;531;5233;-2100;0
2024-04-24;12;22630;29046;18763;-;34;-;10833;10799;-;34;-;10249;423;5844;148,00;1057;632;4716;-2179;0
2024-04-24;13;22647;28790;18690;-;91;-;11183;11183;-;0;-;10009;517;5527;260,00;989;680;4220;-2655;0
2024-04-24;14;22258;28346;18705;-;111;-;11139;11139;-;0;-;9530;593;4963;225,00;1165;577;4253;-2612;0
2024-04-24;15;22037;27940;18943;-;0;-;11203;11203;-;0;-;8997;691;4316;86,00;1297;580;4477;-2391;0
2024-04-24;16;22086;27676;19019;-;289;-;11860;11860;-;0;-;8368;815;3541;32,00;1219;680;4071;-2836;0
2024-04-24;17;21991;27069;18902;-;500;-;12145;12145;-;0;-;7667;904;2721;32,00;1448;782;3847;-3031;0
2024-04-24;18;21977;26970;18988;-;1080;-;13090;13090;-;0;-;6902;1010;1802;8,00;1168;855;3339;-3805;0
2024-04-24;19;22263;26322;19103;-;1210;-;14344;14072;-;272;-;6009;1018;807;0,00;1139;770;2461;-4919;0
2024-04-24;20;22718;26512;19714;-;1276;-;15718;14536;-;1181;-;5522;1137;118;0,00;682;807;2620;-5321;0
2024-04-24;21;22795;26624;19797;-;1281;-;16315;15078;-;1237;-;5546;1229;0;0,00;103;833;2139;-5891;0
2024-04-24;22;21448;26689;19916;-;1281;-;14305;13909;-;396;-;5492;1192;0;0,00;597;996;3287;-4782;0
2024-04-24;23;19797;26451;20043;-;1281;-;12233;12201;-;33;-;5127;1034;0;0,00;1443;1001;5076;-3108;0
2024-04-24;24;18483;26219;20070;-;1252;-;11324;11324;-;0;-;4897;888;0;0,00;1232;1001;5921;-2268;0
2024-04-25;1;17391;24495;19758;-;0;-;10514;10514;-;0;-;4737;787;0;0,00;1172;975;6455;-1422;0
2024-04-25;2;16955;24487;19758;-;0;-;10334;10334;-;0;-;4729;773;0;53,00;1304;632;6620;-1257;0
2024-04-25;3;16605;24486;19758;-;0;-;10066;10066;-;0;-;4728;761;0;424,00;1617;630;6908;-969;0
2024-04-25;4;16543;24479;19758;-;0;-;10271;10271;-;0;-;4721;759;0;554,00;1262;818;6666;-1211;0
2024-04-25;5;16931;24480;19773;-;0;-;10363;10363;-;0;-;4707;747;0;294,00;1158;980;6581;-1296;0
2024-04-25;6;17952;24670;19750;-;134;-;10876;10876;-;0;-;4786;731;71;166,00;1663;840;6082;-1745;0
2024-04-25;7;20724;26411;20082;-;1085;-;13564;13020;-;544;-;5244;636;544;0,00;1217;644;4117;-3970;0
2024-04-25;8;22180;28108;19899;-;1281;-;14415;13621;-;794;-;6928;504;2262;0,00;758;-118;3081;-4713;0
2024-04-25;9;22945;29371;19942;-;1088;-;13316;13049;-;266;-;8341;385;3846;0,00;1634;-388;3829;-3762;0
2024-04-25;10;22467;30864;20031;-;585;-;11703;11703;-;0;-;10248;348;5929;3,00;598;-73;5313;-2469;0
2024-04-25;11;22035;31942;20046;-;432;-;11183;11183;-;0;-;11464;397;7139;44,00;-78;-662;5671;-2130;0
2024-04-25;12;22304;31861;19693;-;645;-;11352;11352;-;0;-;11523;554;7056;195,00;683;-1062;5317;-2308;0
2024-04-25;13;22008;31983;19724;-;303;-;10702;10702;-;0;-;11956;696;7358;630,00;658;-677;6001;-1751;0
2024-04-25;14;21652;32197;19895;-;68;-;10230;10230;-;0;-;12234;904;7404;628,00;240;-211;6777;-848;0
2024-04-25;15;21179;31726;20115;-;101;-;10520;10520;-;0;-;11510;1166;6448;628,00;307;-276;6925;-504;0
2024-04-25;16;20812;31500;20184;-;412;-;10649;10649;-;0;-;10904;1094;5914;295,00;-237;268;7249;-157;0
2024-04-25;17;20909;30464;20197;-;269;-;10396;10396;-;0;-;9998;1017;5029;19,00;930;283;7661;0;0
2024-04-25;18;20759;29705;20233;-;590;-;10728;10593;-;135;-;8882;1417;3470;0,00;1061;410;7559;-325;0
2024-04-25;19;21535;28205;20519;-;990;-;12517;11785;-;733;-;6696;1161;1369;0,00;1824;646;6526;-1849;0
2024-04-25;20;22352;26621;20325;-;1260;-;15953;15106;-;847;-;5036;657;152;0,00;650;794;2945;-5161;0
2024-04-25;21;22257;26814;20395;-;1281;-;16481;15646;-;835;-;5138;902;0;0,00;-241;815;2290;-5876;0
2024-04-25;22;21108;27006;20452;-;1281;-;13350;12971;-;379;-;5273;1065;0;24,00;1812;665;4677;-3396;0
2024-04-25;23;19759;27345;20527;-;1281;-;11289;11289;-;0;-;5537;1544;0;32,00;2289;619;5220;-2700;0
2024-04-25;24;18531;27225;20610;-;961;-;10241;10241;-;0;-;5654;1756;0;32,00;1928;690;5778;-1958;0
2024-04-26;1;17266;26757;20620;-;0;-;9955;9955;-;0;-;6137;2115;0;0,00;451;855;5794;-1784;0
2024-04-26;2;16631;26745;20620;-;0;-;9926;9926;-;0;-;6125;2093;0;0,00;-587;980;5444;-2143;0
2024-04-26;3;16519;26739;20620;-;0;-;10418;10418;-;0;-;6119;2080;0;0,00;-894;925;5187;-2400;0
2024-04-26;4;16614;26694;20661;-;0;-;10365;10365;-;0;-;6033;1987;0;0,00;-761;972;5227;-2360;0
2024-04-26;5;17022;26641;20725;-;0;-;10274;10274;-;0;-;5916;1876;0;0,00;-85;928;5378;-2214;0
2024-04-26;6;17656;26713;20857;-;0;-;10655;10655;-;0;-;5856;1718;35;0,00;513;638;5037;-2555;0
2024-04-26;7;20159;28028;20852;-;710;-;12336;12045;-;291;-;6466;1555;830;0,00;810;594;3759;-3878;0
2024-04-26;8;21702;31015;20847;-;1071;-;12387;12060;-;327;-;9097;1201;3942;0,00;-358;573;3689;-3730;0
2024-04-26;9;22722;32703;20812;-;1124;-;12683;12406;-;277;-;10767;401;6472;0,00;-1500;154;2692;-4660;0
2024-04-26;10;21692;34198;20684;-;478;-;10683;10624;-;58;-;13036;56;9222;325,00;-842;-905;4729;-2434;0
2024-04-26;11;21077;35947;20613;-;0;-;8670;8670;-;0;-;15334;862;10781;791,00;-334;-1019;7134;0;0
2024-04-26;12;20964;35359;20549;-;34;-;8848;8848;-;0;-;14776;1111;10036;1051,00;-851;-872;6109;-868;0
2024-04-26;13;21357;34208;20322;-;203;-;9283;9283;-;0;-;13683;1397;8674;937,00;-254;-588;5390;-1487;0
2024-04-26;14;21157;32739;20309;-;406;-;10040;10040;-;0;-;12024;1502;6908;728,00;217;-540;4648;-2212;0
2024-04-26;15;20992;31573;20289;-;614;-;10578;10578;-;0;-;10670;1531;5515;214,00;914;-883;4332;-2528;0
2024-04-26;16;20188;31342;20497;-;101;-;9770;9770;-;0;-;10744;1839;5228;228,00;584;-553;5551;-1274;0
2024-04-26;17;20597;31305;20742;-;776;-;11056;11056;-;0;-;9787;1837;4218;434,00;342;-312;4569;-2384;0
2024-04-26;18;20738;29517;20787;-;214;-;10778;10775;-;0;-;8516;1448;3179;176,00;1108;696;5773;-1574;0
2024-04-26;19;21136;28206;20797;-;947;-;12760;12755;-;5;-;6462;1038;1479;0,00;1056;890;3912;-3596;0
2024-04-26;20;21782;27315;20762;-;1281;-;15417;14521;-;896;-;5272;1046;191;0,00;222;875;2071;-5217;0
2024-04-26;21;22146;28074;20887;-;1281;-;15177;14368;-;808;-;5906;1884;0;0,00;211;839;2417;-5247;0
2024-04-26;22;20698;28649;20975;-;1281;-;13016;12565;-;451;-;6393;2531;0;0,00;412;875;3811;-3661;0
2024-04-26;23;18714;29477;21044;-;1314;-;10693;10510;-;183;-;7119;3309;0;0,00;239;845;5880;-1732;0
2024-04-26;24;17008;29893;21157;-;994;-;9277;9146;-;131;-;7742;3887;0;0,00;-978;997;5978;-1180;0
2024-04-27;1;16181;29269;20942;-;442;-;10176;9734;-;442;-;7885;4092;0;0,00;-3174;961;3226;-3093;0
2024-04-27;2;16044;29187;20947;-;410;-;10079;9669;-;410;-;7830;4083;0;0,00;-2995;994;3296;-2931;0
2024-04-27;3;15866;28297;20473;-;163;-;9114;8960;-;154;-;7661;3954;0;0,00;-1789;837;3086;-2669;0
2024-04-27;4;15833;28458;20473;-;725;-;9549;9466;-;83;-;7260;3556;0;0,00;-2029;980;1965;-3505;0
2024-04-27;5;15963;28003;20488;-;664;-;9520;9439;-;81;-;6851;3159;0;0,00;-1441;980;2012;-3458;0
2024-04-27;6;15536;27956;20515;-;865;-;9471;9386;-;85;-;6576;2820;33;0,00;-1588;962;2003;-3467;0
2024-04-27;7;16269;28610;20682;-;932;-;9364;9251;-;113;-;6996;2559;684;0,00;-974;907;2392;-3193;0
2024-04-27;8;17127;30505;20787;-;534;-;7762;7572;-;191;-;9184;2265;3210;0,00;-811;950;4001;-1596;0
2024-04-27;9;18824;31342;20800;-;783;-;8515;8515;-;0;-;9759;1324;4854;0,00;-9;142;2673;-2924;0
2024-04-27;10;18280;32271;20790;-;330;-;7620;7620;-;0;-;11151;569;7198;205,00;939;-909;4046;-1415;0
2024-04-27;11;18121;33815;20765;-;34;-;6025;6025;-;0;-;13016;669;9055;972,00;1010;-1052;4422;-738;0
2024-04-27;12;18156;34338;20750;-;118;-;6000;6000;-;0;-;13470;782;9468;1139,00;977;-1048;4515;-626;0
2024-04-27;13;17585;33829;20745;-;0;-;5742;5742;-;0;-;13084;1034;8829;1137,00;992;-1062;4697;-439;0
2024-04-27;14;17864;33201;20740;-;452;-;6595;6595;-;0;-;12009;1372;7447;879,00;992;-1062;3598;-1533;0
2024-04-27;15;17609;32662;20735;-;492;-;6668;6668;-;0;-;11435;1204;7004;890,00;992;-1062;3287;-1839;0
2024-04-27;16;17330;31378;20735;-;80;-;7414;7414;-;0;-;10563;1030;6236;741,00;1092;-1062;3136;-1890;0
2024-04-27;17;17045;30189;20735;-;31;-;7979;7979;-;0;-;9423;1005;5059;256,00;1008;-978;3304;-1912;0
2024-04-27;18;17450;29152;20715;-;750;-;9761;9658;-;103;-;7687;1006;3160;0,00;504;-593;2295;-3361;0
2024-04-27;19;17515;27638;20655;-;979;-;10925;10098;-;826;-;6004;1193;1276;0,00;50;595;2540;-3397;0
2024-04-27;20;18171;27324;20680;-;1220;-;12377;11187;-;1191;-;5424;1740;148;0,00;-684;992;1637;-4314;0
2024-04-27;21;19014;27269;20655;-;1224;-;13070;11888;-;1183;-;5390;1812;0;0,00;-679;992;732;-5187;0
2024-04-27;22;18100;27566;20674;-;1171;-;12262;11372;-;890;-;5721;2173;0;0,00;-731;992;1651;-4319;0
2024-04-27;23;16204;28822;20705;-;978;-;9077;8864;-;212;-;7139;3611;0;0,00;-905;952;3724;-2240;0
2024-04-27;24;14543;29514;20705;-;904;-;6589;6538;-;52;-;7905;4425;0;8,00;-950;997;4650;-783;0
2024-04-28;1;14218;29561;21019;-;0;-;5955;5955;-;0;-;8542;5100;0;22,00;-838;868;5103;-202;0
2024-04-28;2;13805;29515;21024;-;0;-;5901;5901;-;0;-;8491;5102;0;22,00;362;-332;5345;0;0
2024-04-28;3;13315;29386;21029;-;0;-;5719;5719;-;0;-;8357;4965;0;22,00;1092;-1062;5250;0;0
2024-04-28;4;13250;29041;21029;-;0;-;5553;5553;-;0;-;8012;4666;0;0,00;586;-556;4539;-140;0
2024-04-28;5;13212;28923;21083;-;0;-;5558;5558;-;0;-;7840;4509;0;0,00;471;-441;4404;-269;0
2024-04-28;6;12875;29050;21191;-;24;-;5582;5558;-;24;-;7835;4454;45;0,00;530;-522;4742;0;0
2024-04-28;7;13343;30033;21419;-;31;-;5577;5546;-;31;-;8583;4340;916;0,00;1092;-1062;5047;0;0
2024-04-28;8;14310;31923;21409;-;66;-;5448;5382;-;66;-;10448;4502;2691;0,00;410;-879;5470;0;0
2024-04-28;9;15608;31718;21409;-;194;-;6417;6349;-;68;-;10115;2653;4245;0,00;29;-1000;3341;-1444;0
2024-04-28;10;15798;31812;21389;-;722;-;6950;6873;-;77;-;9701;1469;5057;0,00;-283;-1052;1936;-2658;0
2024-04-28;11;15499;33005;21346;-;504;-;5036;5036;-;0;-;11155;2505;5514;607,00;-407;-1062;2436;-1925;0
2024-04-28;12;15355;34588;21321;-;228;-;4895;4895;-;0;-;13039;4187;5743;890,00;-778;-1062;3783;-553;0
2024-04-28;13;15790;34551;21311;-;0;-;5003;5003;-;0;-;13240;4904;5236;892,00;-341;-1062;3975;-256;0
2024-04-28;14;15258;33442;21296;-;647;-;5305;5305;-;0;-;11499;4653;3746;1003,00;-841;-1062;2141;-2028;0
2024-04-28;15;15043;32849;21286;-;641;-;6207;6207;-;0;-;10922;3914;3845;954,00;-654;-932;2135;-2016;0
2024-04-28;16;15076;32093;21286;-;858;-;6911;6911;-;0;-;9949;3552;3269;681,00;-815;-857;1315;-2825;0
2024-04-28;17;15189;31457;21075;-;402;-;5840;5840;-;0;-;9980;3238;3578;704,00;601;-670;2602;-1323;0
2024-04-28;18;15364;31636;21101;-;199;-;5577;5577;-;0;-;10336;3929;3216;301,00;806;-857;3239;-612;0
2024-04-28;19;16644;30232;20719;-;890;-;7626;7406;-;220;-;8623;3901;1343;16,00;459;-450;860;-3027;0
2024-04-28;20;17425;29352;20742;-;1133;-;8791;8023;-;768;-;7477;3814;187;0,00;325;737;705;-3204;0
2024-04-28;21;18343;29140;20652;-;1089;-;8979;8268;-;711;-;7399;3928;0;0,00;353;984;0;-3979;0
2024-04-28;22;17677;29047;20442;-;794;-;8293;8071;-;222;-;7811;4313;0;0,00;161;966;6;-3725;0
2024-04-28;23;16066;30269;20824;-;858;-;7228;7127;-;101;-;8587;5122;0;0,00;-798;997;1354;-2442;0
2024-04-28;24;15243;30757;20969;-;786;-;6250;6234;-;17;-;9002;5591;0;0,00;-965;997;2485;-1441;0
2024-04-29;1;14662;30367;21283;-;355;-;6438;6438;-;0;-;8729;5346;0;327,00;-1180;950;2666;-1513;0
2024-04-29;2;14469;30253;21396;-;366;-;6940;6940;-;0;-;8491;5087;0;686,00;-1265;950;2673;-1845;0
2024-04-29;3;14236;29656;21401;-;130;-;6964;6964;-;0;-;8125;4689;0;704,00;-1112;950;2985;-1728;0
2024-04-29;4;14429;28974;21211;-;164;-;7280;7280;-;0;-;7599;4113;0;494,00;-951;950;2826;-1697;0
2024-04-29;5;13972;28404;21211;-;0;-;7482;7482;-;0;-;7193;3707;0;427,00;-1148;950;3752;-1111;0
2024-04-29;6;14776;28225;21211;-;34;-;7955;7922;-;34;-;6980;3433;51;86,00;-994;950;4407;-734;0
2024-04-29;7;17834;29367;21211;-;706;-;11270;10592;-;678;-;7450;3022;863;0,00;-1299;427;3454;-3056;0
2024-04-29;8;19459;31885;20732;-;1073;-;12200;11260;-;940;-;10080;2764;3787;0,00;-3024;179;2787;-3748;0
2024-04-29;9;20589;32135;20669;-;939;-;11879;11503;-;376;-;10527;1509;5467;0,00;-3272;920;2020;-4487;0
2024-04-29;10;20207;32427;20444;-;13;-;8848;8835;-;10;-;11970;902;7673;159,00;-1128;950;5420;-1227;0
2024-04-29;11;19667;33898;19984;-;10;-;7578;7568;-;10;-;13904;978;9633;857,00;-1163;563;6043;-206;0
2024-04-29;12;19644;33570;19974;-;10;-;7615;7605;-;10;-;13586;1213;9199;922,00;27;-627;5671;-560;0
2024-04-29;13;19795;33520;19959;-;10;-;7740;7730;-;10;-;13551;1350;9054;920,00;88;-688;5473;-743;0
2024-04-29;14;19923;32981;19458;-;10;-;7900;7890;-;10;-;13513;1469;8890;922,00;492;-1092;4805;-860;0
2024-04-29;15;19910;32691;19448;-;10;-;8194;8184;-;10;-;13233;1645;8434;908,00;133;-772;4504;-1146;0
2024-04-29;16;20171;31778;19398;-;10;-;8652;8642;-;10;-;12370;1660;7558;868,00;-528;428;3959;-1686;0
2024-04-29;17;19819;30279;19673;-;98;-;9942;9932;-;10;-;10508;1578;5672;564,00;-1019;950;3047;-2403;0
2024-04-29;18;19793;29216;19798;-;148;-;10340;10330;-;10;-;9270;1542;4389;147,00;-292;600;3493;-2326;0
2024-04-29;19;20209;28019;20304;-;767;-;12368;12002;-;366;-;6948;1800;1753;0,00;-39;950;2998;-3766;0
2024-04-29;20;20646;28351;20859;-;1438;-;14784;13378;-;1406;-;6054;2327;223;0,00;-480;238;1669;-5207;0
2024-04-29;21;21192;28786;20895;-;1437;-;14891;13493;-;1399;-;6454;2944;0;0,00;-585;382;1554;-5321;0
2024-04-29;22;20002;29133;21015;-;1166;-;13426;12614;-;812;-;6952;3471;0;0,00;-1266;950;2574;-4333;0
2024-04-29;23;18365;29381;21091;-;1140;-;10766;10564;-;202;-;7150;3800;0;0,00;-511;950;2384;-3652;0
2024-04-29;24;16967;28357;21096;-;19;-;8677;8677;-;0;-;7242;3941;0;0,00;87;950;4042;-1887;0
